product_name,product_id,productNameId,product_url,category,review_id,rating,review_date,review_title,review_text,complaint_theme,business_insight,photo_id,photo_number,image_url,local_image_path,verified_buyer,helpful_votes,size_purchased,fit_feedback
Define Jacket Nulu,define_jacket_nulu,Define_Jacket_Nulu,https://shop.lululemon.com/p/jackets-and-hoodies-jackets/Define-Jacket-Nulu/_/prod11020158?color=75697,Jackets,232416059,1,2024-03-11T00:15:54.000+00:00,Within 3 months all the zippers broke.,"For the ridiculous amount of money Lululemon charges for their products they use by far the cheapest closures I've every seen. Through normal use after 3 months, 2 of the 3 sweatshirts she spent her birthday and Christmas gift money on no longer zip closed. The zipper pulls from the pockets broke off first, then one pocket's zipper's teeth misaligned so it will no longer unzip, and finally the main front zipper's cheap plastic stop completely came off so there is no way to zip it up. Shameful.",Fabric & Material Quality,Product material or durability concern affecting premium brand trust.,9930724,1,https://photos-us.bazaarvoice.com/photo/2/cGhvdG86bHVsdWxlbW9u/082ced02-61c8-5ab8-96f4-0da8fa16dd01,D:\lululemonvog\data\images\define_jacket_nulu\1_star\232416059_9930724.jpg,False,14,,
Define Jacket Nulu,define_jacket_nulu,Define_Jacket_Nulu,https://shop.lululemon.com/p/jackets-and-hoodies-jackets/Define-Jacket-Nulu/_/prod11020158?color=75697,Jackets,232416059,1,2024-03-11T00:15:54.000+00:00,Within 3 months all the zippers broke.,"For the ridiculous amount of money Lululemon charges for their products they use by far the cheapest closures I've every seen. Through normal use after 3 months, 2 of the 3 sweatshirts she spent her birthday and Christmas gift money on no longer zip closed. The zipper pulls from the pockets broke off first, then one pocket's zipper's teeth misaligned so it will no longer unzip, and finally the main front zipper's cheap plastic stop completely came off so there is no way to zip it up. Shameful.",Fabric & Material Quality,Product material or durability concern affecting premium brand trust.,9930725,2,https://photos-us.bazaarvoice.com/photo/2/cGhvdG86bHVsdWxlbW9u/a228efb5-57f0-5090-a875-09d3971c6bae,D:\lululemonvog\data\images\define_jacket_nulu\1_star\232416059_9930725.jpg,False,14,,
Define Jacket Nulu,define_jacket_nulu,Define_Jacket_Nulu,https://shop.lululemon.com/p/jackets-and-hoodies-jackets/Define-Jacket-Nulu/_/prod11020158?color=75697,Jackets,233348585,1,2024-04-26T04:37:45.000+00:00,Stains,My jacket came with stains Im so sad 🥲,Sizing & Fit,Fit expectation mismatch that may increase return risk.,10309407,1,https://photos-us.bazaarvoice.com/photo/2/cGhvdG86bHVsdWxlbW9u/a8892a91-d2ba-5b62-8e51-07ed30e41480,D:\lululemonvog\data\images\define_jacket_nulu\1_star\233348585_10309407.jpg,False,4,8,True to size
Define Jacket Nulu,define_jacket_nulu,Define_Jacket_Nulu,https://shop.lululemon.com/p/jackets-and-hoodies-jackets/Define-Jacket-Nulu/_/prod11020158?color=75697,Jackets,233359370,2,2024-04-26T19:25:46.000+00:00,Cheaply made,I just received this jacket in the mail this week. Pulled it out to wear today and noticed thread coming undone in different parts on the jacket. A brand new jacket! Just frustrating when you’re paying $100+ for this.,Sizing & Fit,Fit expectation mismatch that may increase return risk.,10312721,1,https://photos-us.bazaarvoice.com/photo/2/cGhvdG86bHVsdWxlbW9u/bc4fab4f-8d52-56b3-b269-72a565c5b4cc,D:\lululemonvog\data\images\define_jacket_nulu\2_star\233359370_10312721.jpg,False,7,0,True to size
Define Jacket Nulu,define_jacket_nulu,Define_Jacket_Nulu,https://shop.lululemon.com/p/jackets-and-hoodies-jackets/Define-Jacket-Nulu/_/prod11020158?color=75697,Jackets,233359370,2,2024-04-26T19:25:46.000+00:00,Cheaply made,I just received this jacket in the mail this week. Pulled it out to wear today and noticed thread coming undone in different parts on the jacket. A brand new jacket! Just frustrating when you’re paying $100+ for this.,Sizing & Fit,Fit expectation mismatch that may increase return risk.,10312722,2,https://photos-us.bazaarvoice.com/photo/2/cGhvdG86bHVsdWxlbW9u/a16faaeb-06b8-5ae8-8106-88f0e19cc788,D:\lululemonvog\data\images\define_jacket_nulu\2_star\233359370_10312722.jpg,False,7,0,True to size
Define Jacket Nulu,define_jacket_nulu,Define_Jacket_Nulu,https://shop.lululemon.com/p/jackets-and-hoodies-jackets/Define-Jacket-Nulu/_/prod11020158?color=75697,Jackets,234555304,3,2024-06-28T16:50:05.000+00:00,The black/gold,I don’t love the black/gold one since it takes away the sporty look and the gold draws too much attention to the center where as the plain ones look better.,Other,Review content requires manual inspection for a clearer root cause.,10720179,1,https://photos-us.bazaarvoice.com/photo/2/cGhvdG86bHVsdWxlbW9u/33440210-c91e-5f29-a55d-b2ee2b92325f,D:\lululemonvog\data\images\define_jacket_nulu\3_star\234555304_10720179.jpg,False,10,6,
Define Jacket Nulu,define_jacket_nulu,Define_Jacket_Nulu,https://shop.lululemon.com/p/jackets-and-hoodies-jackets/Define-Jacket-Nulu/_/prod11020158?color=75697,Jackets,234555304,3,2024-06-28T16:50:05.000+00:00,The black/gold,I don’t love the black/gold one since it takes away the sporty look and the gold draws too much attention to the center where as the plain ones look better.,Other,Review content requires manual inspection for a clearer root cause.,10720180,2,https://photos-us.bazaarvoice.com/photo/2/cGhvdG86bHVsdWxlbW9u/5366c0ae-eb12-5bc0-8dce-7ba68d5ae242,D:\lululemonvog\data\images\define_jacket_nulu\3_star\234555304_10720180.jpg,False,10,6,
Define Jacket Nulu,define_jacket_nulu,Define_Jacket_Nulu,https://shop.lululemon.com/p/jackets-and-hoodies-jackets/Define-Jacket-Nulu/_/prod11020158?color=75697,Jackets,234819987,2,2024-07-10T13:38:48.000+00:00,Disappointed,I was really looking forward to getting this jacket. However I was let down by the stitching.,Stitching & Construction,Construction quality issue may undermine perceived craftsmanship.,10796220,1,https://photos-us.bazaarvoice.com/photo/2/cGhvdG86bHVsdWxlbW9u/71c9dc53-5c32-5494-8d65-a2550219af71,D:\lululemonvog\data\images\define_jacket_nulu\2_star\234819987_10796220.jpg,False,8,6,Runs a bit small
Define Jacket Nulu,define_jacket_nulu,Define_Jacket_Nulu,https://shop.lululemon.com/p/jackets-and-hoodies-jackets/Define-Jacket-Nulu/_/prod11020158?color=75697,Jackets,234819987,2,2024-07-10T13:38:48.000+00:00,Disappointed,I was really looking forward to getting this jacket. However I was let down by the stitching.,Stitching & Construction,Construction quality issue may undermine perceived craftsmanship.,10796221,2,https://photos-us.bazaarvoice.com/photo/2/cGhvdG86bHVsdWxlbW9u/5432040d-4776-5a2b-8971-cacd04fd7626,D:\lululemonvog\data\images\define_jacket_nulu\2_star\234819987_10796221.jpg,False,8,6,Runs a bit small
Define Jacket Nulu,define_jacket_nulu,Define_Jacket_Nulu,https://shop.lululemon.com/p/jackets-and-hoodies-jackets/Define-Jacket-Nulu/_/prod11020158?color=75697,Jackets,234819987,2,2024-07-10T13:38:48.000+00:00,Disappointed,I was really looking forward to getting this jacket. However I was let down by the stitching.,Stitching & Construction,Construction quality issue may undermine perceived craftsmanship.,10796222,3,https://photos-us.bazaarvoice.com/photo/2/cGhvdG86bHVsdWxlbW9u/86aa0c7b-efae-5c04-b990-69686dad5c4a,D:\lululemonvog\data\images\define_jacket_nulu\2_star\234819987_10796222.jpg,False,8,6,Runs a bit small
Define Jacket Nulu,define_jacket_nulu,Define_Jacket_Nulu,https://shop.lululemon.com/p/jackets-and-hoodies-jackets/Define-Jacket-Nulu/_/prod11020158?color=75697,Jackets,234864573,3,2024-07-12T13:11:09.000+00:00,Cheap material,"This jacket fits great but is made poorly for the price and absolutely not worth what it retails for. Not sure if I got a defective one since I ordered out of the country. But, there are issues with the stitching in the armpits and arms and the neck area looks already worn out after only wearing it 3 times... NOt worth it!",Sizing & Fit,Fit expectation mismatch that may increase return risk.,10823815,1,https://photos-us.bazaarvoice.com/photo/2/cGhvdG86bHVsdWxlbW9u/6daf85bc-b794-54ef-aa06-2e57f4063cc0,D:\lululemonvog\data\images\define_jacket_nulu\3_star\234864573_10823815.jpg,False,9,S,True to size
Define Jacket Nulu,define_jacket_nulu,Define_Jacket_Nulu,https://shop.lululemon.com/p/jackets-and-hoodies-jackets/Define-Jacket-Nulu/_/prod11020158?color=75697,Jackets,234864573,3,2024-07-12T13:11:09.000+00:00,Cheap material,"This jacket fits great but is made poorly for the price and absolutely not worth what it retails for. Not sure if I got a defective one since I ordered out of the country. But, there are issues with the stitching in the armpits and arms and the neck area looks already worn out after only wearing it 3 times... NOt worth it!",Sizing & Fit,Fit expectation mismatch that may increase return risk.,10823816,2,https://photos-us.bazaarvoice.com/photo/2/cGhvdG86bHVsdWxlbW9u/ab514ffb-e8c4-5d78-aba8-57543bac876e,D:\lululemonvog\data\images\define_jacket_nulu\3_star\234864573_10823816.jpg,False,9,S,True to size
Define Jacket Nulu,define_jacket_nulu,Define_Jacket_Nulu,https://shop.lululemon.com/p/jackets-and-hoodies-jackets/Define-Jacket-Nulu/_/prod11020158?color=75697,Jackets,234864573,3,2024-07-12T13:11:09.000+00:00,Cheap material,"This jacket fits great but is made poorly for the price and absolutely not worth what it retails for. Not sure if I got a defective one since I ordered out of the country. But, there are issues with the stitching in the armpits and arms and the neck area looks already worn out after only wearing it 3 times... NOt worth it!",Sizing & Fit,Fit expectation mismatch that may increase return risk.,10823817,3,https://photos-us.bazaarvoice.com/photo/2/cGhvdG86bHVsdWxlbW9u/c8f7d0d8-6339-5ec7-81ab-55c50a7825cc,D:\lululemonvog\data\images\define_jacket_nulu\3_star\234864573_10823817.jpg,False,9,S,True to size
Define Jacket Nulu,define_jacket_nulu,Define_Jacket_Nulu,https://shop.lululemon.com/p/jackets-and-hoodies-jackets/Define-Jacket-Nulu/_/prod11020158?color=75697,Jackets,235417254,3,2024-08-08T20:50:48.000+00:00,Small,It looks good but it’s too small,Other,Review content requires manual inspection for a clearer root cause.,11096310,1,https://photos-us.bazaarvoice.com/photo/2/cGhvdG86bHVsdWxlbW9u/05bfa7e4-3a0c-5b16-a48c-b6be0b6a872a,D:\lululemonvog\data\images\define_jacket_nulu\3_star\235417254_11096310.jpg,False,3,2,Runs a bit small
Define Jacket Nulu,define_jacket_nulu,Define_Jacket_Nulu,https://shop.lululemon.com/p/jackets-and-hoodies-jackets/Define-Jacket-Nulu/_/prod11020158?color=75697,Jackets,235700420,3,2024-08-22T13:26:26.000+00:00,It’s ikay,"honestly , love lulu but after a few washes it’s not that good of quality",Sizing & Fit,Fit expectation mismatch that may increase return risk.,11221847,1,https://photos-us.bazaarvoice.com/photo/2/cGhvdG86bHVsdWxlbW9u/f28d097a-8185-5595-8aa3-d8a85c93b70e,D:\lululemonvog\data\images\define_jacket_nulu\3_star\235700420_11221847.jpg,False,11,2,True to size
Define Jacket Nulu,define_jacket_nulu,Define_Jacket_Nulu,https://shop.lululemon.com/p/jackets-and-hoodies-jackets/Define-Jacket-Nulu/_/prod11020158?color=75697,Jackets,236566789,2,2024-10-03T21:14:50.000+00:00,"Bad zipper, loose stitching, and beaded up stitch","I just left a review and wanted to add that not only are the sleeves balling up at the stitch line, loose ends of stitching, the zipper is also janky. It catches alot and seems like it will likely not last. Quality does not align with the price.",Sizing & Fit,Fit expectation mismatch that may increase return risk.,11533142,1,https://photos-us.bazaarvoice.com/photo/2/cGhvdG86bHVsdWxlbW9u/e14232b8-c70b-544b-a98f-c36c5a7f878a,D:\lululemonvog\data\images\define_jacket_nulu\2_star\236566789_11533142.jpg,False,1,10,True to size
Define Jacket Nulu,define_jacket_nulu,Define_Jacket_Nulu,https://shop.lululemon.com/p/jackets-and-hoodies-jackets/Define-Jacket-Nulu/_/prod11020158?color=75697,Jackets,236566789,2,2024-10-03T21:14:50.000+00:00,"Bad zipper, loose stitching, and beaded up stitch","I just left a review and wanted to add that not only are the sleeves balling up at the stitch line, loose ends of stitching, the zipper is also janky. It catches alot and seems like it will likely not last. Quality does not align with the price.",Sizing & Fit,Fit expectation mismatch that may increase return risk.,11533143,2,https://photos-us.bazaarvoice.com/photo/2/cGhvdG86bHVsdWxlbW9u/8fd994b1-0640-55d4-96ee-f1e0d4155440,D:\lululemonvog\data\images\define_jacket_nulu\2_star\236566789_11533143.jpg,False,1,10,True to size
Define Jacket Nulu,define_jacket_nulu,Define_Jacket_Nulu,https://shop.lululemon.com/p/jackets-and-hoodies-jackets/Define-Jacket-Nulu/_/prod11020158?color=75697,Jackets,237014329,1,2024-10-25T21:38:55.000+00:00,Pass on Nulu,"As a loyal lulu follower for over 15 years, spending thousands of dollars annually, this jacket has been my biggest disappointment. After only a few wears, the defective seam near where the cuffin and thumb hole meet, created a hole. Over the years, I have had countless other styles and materials (Rulu, Luon, etc) with cuffins and never had issues. It’ll be a pass on the Nulu for me moving forward, especially now that lulu is no longer standing by their products either.",Fabric & Material Quality,Product material or durability concern affecting premium brand trust.,11745594,1,https://photos-us.bazaarvoice.com/photo/2/cGhvdG86bHVsdWxlbW9u/4ae1cce2-3b9a-5078-8ff8-5a6d27e855da,D:\lululemonvog\data\images\define_jacket_nulu\1_star\237014329_11745594.jpg,False,3,8,True to size
Define Jacket Nulu,define_jacket_nulu,Define_Jacket_Nulu,https://shop.lululemon.com/p/jackets-and-hoodies-jackets/Define-Jacket-Nulu/_/prod11020158?color=75697,Jackets,237036714,1,2024-10-26T22:41:18.000+00:00,WATER STAINS BE AWARE,2 days later went to wear it. On route to lululemon I noticed there was a large water stain on the hand cuff (see photo). This is the 3rd item I have purchased with water stains. I asked lululemon to return the item for me in store. They said NO that I had to go home wash &dry the item then bring it back. I asked the manager if this was all in the return policy and he said it was. It states “unwashed and unworn”!! They returned it for me after wasting my time & gas money $128 later,Customer Service,Support or resolution issue affecting trust and loyalty.,11754102,1,https://photos-us.bazaarvoice.com/photo/2/cGhvdG86bHVsdWxlbW9u/fed05cab-13f5-55b1-a846-4e2fb333c5f8,D:\lululemonvog\data\images\define_jacket_nulu\1_star\237036714_11754102.jpg,False,1,10,True to size
Define Jacket Nulu,define_jacket_nulu,Define_Jacket_Nulu,https://shop.lululemon.com/p/jackets-and-hoodies-jackets/Define-Jacket-Nulu/_/prod11020158?color=75697,Jackets,237311918,1,2024-11-08T11:24:44.000+00:00,First Purchase & was Disappointed!,"This was my first purchase with Lululemon, and I was surprised at the quality of the product I received. The jacket had a gaping hole on the back and thread hanging from it. I returned it.",Sizing & Fit,Fit expectation mismatch that may increase return risk.,11865418,1,https://photos-us.bazaarvoice.com/photo/2/cGhvdG86bHVsdWxlbW9u/65bf13b8-0b1a-56b0-a6a6-9d07d2151784,D:\lululemonvog\data\images\define_jacket_nulu\1_star\237311918_11865418.jpg,False,4,XS,True to size
Define Jacket Nulu,define_jacket_nulu,Define_Jacket_Nulu,https://shop.lululemon.com/p/jackets-and-hoodies-jackets/Define-Jacket-Nulu/_/prod11020158?color=75697,Jackets,237311918,1,2024-11-08T11:24:44.000+00:00,First Purchase & was Disappointed!,"This was my first purchase with Lululemon, and I was surprised at the quality of the product I received. The jacket had a gaping hole on the back and thread hanging from it. I returned it.",Sizing & Fit,Fit expectation mismatch that may increase return risk.,11865419,2,https://photos-us.bazaarvoice.com/photo/2/cGhvdG86bHVsdWxlbW9u/5b0eafd7-7ce3-59a9-9b97-c4b54c38a05b,D:\lululemonvog\data\images\define_jacket_nulu\1_star\237311918_11865419.jpg,False,4,XS,True to size
Define Jacket Nulu,define_jacket_nulu,Define_Jacket_Nulu,https://shop.lululemon.com/p/jackets-and-hoodies-jackets/Define-Jacket-Nulu/_/prod11020158?color=75697,Jackets,237311918,1,2024-11-08T11:24:44.000+00:00,First Purchase & was Disappointed!,"This was my first purchase with Lululemon, and I was surprised at the quality of the product I received. The jacket had a gaping hole on the back and thread hanging from it. I returned it.",Sizing & Fit,Fit expectation mismatch that may increase return risk.,11865420,3,https://photos-us.bazaarvoice.com/photo/2/cGhvdG86bHVsdWxlbW9u/bbd5cbd7-5459-5e91-8850-d7090209824e,D:\lululemonvog\data\images\define_jacket_nulu\1_star\237311918_11865420.jpg,False,4,XS,True to size
Define Jacket Nulu,define_jacket_nulu,Define_Jacket_Nulu,https://shop.lululemon.com/p/jackets-and-hoodies-jackets/Define-Jacket-Nulu/_/prod11020158?color=75697,Jackets,237311918,1,2024-11-08T11:24:44.000+00:00,First Purchase & was Disappointed!,"This was my first purchase with Lululemon, and I was surprised at the quality of the product I received. The jacket had a gaping hole on the back and thread hanging from it. I returned it.",Sizing & Fit,Fit expectation mismatch that may increase return risk.,11865421,4,https://photos-us.bazaarvoice.com/photo/2/cGhvdG86bHVsdWxlbW9u/5efc38d2-a65c-5a3d-bab6-87a13df3bee4,D:\lululemonvog\data\images\define_jacket_nulu\1_star\237311918_11865421.jpg,False,4,XS,True to size
Define Jacket Nulu,define_jacket_nulu,Define_Jacket_Nulu,https://shop.lululemon.com/p/jackets-and-hoodies-jackets/Define-Jacket-Nulu/_/prod11020158?color=75697,Jackets,237602893,2,2024-11-21T05:58:14.000+00:00,Soft but…,"I was so excited to get the pink jacket with the gold hardware, it was gonna match a pair of my figs perfectly! But after only wearing it for one shift (dialysis nurse) it started piling on one side of the jacket by the pocket. For a jacket that costs this much, I am pretty disappointed 😔",Sizing & Fit,Fit expectation mismatch that may increase return risk.,11963265,1,https://photos-us.bazaarvoice.com/photo/2/cGhvdG86bHVsdWxlbW9u/f34e0666-59e0-5e69-93f4-25cd3a2f18fa,D:\lululemonvog\data\images\define_jacket_nulu\2_star\237602893_11963265.jpg,False,1,12,True to size
Define Jacket Nulu,define_jacket_nulu,Define_Jacket_Nulu,https://shop.lululemon.com/p/jackets-and-hoodies-jackets/Define-Jacket-Nulu/_/prod11020158?color=75697,Jackets,237602893,2,2024-11-21T05:58:14.000+00:00,Soft but…,"I was so excited to get the pink jacket with the gold hardware, it was gonna match a pair of my figs perfectly! But after only wearing it for one shift (dialysis nurse) it started piling on one side of the jacket by the pocket. For a jacket that costs this much, I am pretty disappointed 😔",Sizing & Fit,Fit expectation mismatch that may increase return risk.,11963266,2,https://photos-us.bazaarvoice.com/photo/2/cGhvdG86bHVsdWxlbW9u/b538a397-46f3-558c-8195-377ea7a268d4,D:\lululemonvog\data\images\define_jacket_nulu\2_star\237602893_11963266.jpg,False,1,12,True to size
Define Jacket Nulu,define_jacket_nulu,Define_Jacket_Nulu,https://shop.lululemon.com/p/jackets-and-hoodies-jackets/Define-Jacket-Nulu/_/prod11020158?color=75697,Jackets,237721569,1,2024-11-26T15:15:58.000+00:00,Missing package and no resolution,"Did not receive package. 3 weeks since purchase and company refuses to offer a refund replacement and is just now tracing the package, which will take at least another week. Overpriced and terrible customer service.",Customer Service,Support or resolution issue affecting trust and loyalty.,12002370,1,https://photos-us.bazaarvoice.com/photo/2/cGhvdG86bHVsdWxlbW9u/74521471-6a87-56a3-96d4-c478aa010fa9,D:\lululemonvog\data\images\define_jacket_nulu\1_star\237721569_12002370.jpg,False,0,,
Define Jacket Nulu,define_jacket_nulu,Define_Jacket_Nulu,https://shop.lululemon.com/p/jackets-and-hoodies-jackets/Define-Jacket-Nulu/_/prod11020158?color=75697,Jackets,237721569,1,2024-11-26T15:15:58.000+00:00,Missing package and no resolution,"Did not receive package. 3 weeks since purchase and company refuses to offer a refund replacement and is just now tracing the package, which will take at least another week. Overpriced and terrible customer service.",Customer Service,Support or resolution issue affecting trust and loyalty.,12002371,2,https://photos-us.bazaarvoice.com/photo/2/cGhvdG86bHVsdWxlbW9u/532d67a0-ebeb-5997-afe2-095baa31a2fd,D:\lululemonvog\data\images\define_jacket_nulu\1_star\237721569_12002371.jpg,False,0,,
Define Jacket Nulu,define_jacket_nulu,Define_Jacket_Nulu,https://shop.lululemon.com/p/jackets-and-hoodies-jackets/Define-Jacket-Nulu/_/prod11020158?color=75697,Jackets,237721569,1,2024-11-26T15:15:58.000+00:00,Missing package and no resolution,"Did not receive package. 3 weeks since purchase and company refuses to offer a refund replacement and is just now tracing the package, which will take at least another week. Overpriced and terrible customer service.",Customer Service,Support or resolution issue affecting trust and loyalty.,12002372,3,https://photos-us.bazaarvoice.com/photo/2/cGhvdG86bHVsdWxlbW9u/51b3de91-875f-5d91-8def-aeaf1134d9e1,D:\lululemonvog\data\images\define_jacket_nulu\1_star\237721569_12002372.jpg,False,0,,
Define Jacket Nulu,define_jacket_nulu,Define_Jacket_Nulu,https://shop.lululemon.com/p/jackets-and-hoodies-jackets/Define-Jacket-Nulu/_/prod11020158?color=75697,Jackets,237980496,1,2024-12-07T15:33:58.000+00:00,The threading on the sleeve came undone on day 1,The threading on the sleeve came undone on day 1,Sizing & Fit,Fit expectation mismatch that may increase return risk.,12097023,1,https://photos-us.bazaarvoice.com/photo/2/cGhvdG86bHVsdWxlbW9u/a4300a69-5fe4-5ad9-8090-80f712d45ddd,D:\lululemonvog\data\images\define_jacket_nulu\1_star\237980496_12097023.jpg,False,4,12,True to size
Define Jacket Nulu,define_jacket_nulu,Define_Jacket_Nulu,https://shop.lululemon.com/p/jackets-and-hoodies-jackets/Define-Jacket-Nulu/_/prod11020158?color=75697,Jackets,238434921,1,2024-12-23T14:34:52.000+00:00,Materials,I payed 128$ just to wear it once and the material already starts getting bad,Sizing & Fit,Fit expectation mismatch that may increase return risk.,12265959,1,https://photos-us.bazaarvoice.com/photo/2/cGhvdG86bHVsdWxlbW9u/d9fa738c-6ffd-5deb-be88-d0c628fe1a89,D:\lululemonvog\data\images\define_jacket_nulu\1_star\238434921_12265959.jpg,False,4,0,True to size
Define Jacket Nulu,define_jacket_nulu,Define_Jacket_Nulu,https://shop.lululemon.com/p/jackets-and-hoodies-jackets/Define-Jacket-Nulu/_/prod11020158?color=75697,Jackets,238434921,1,2024-12-23T14:34:52.000+00:00,Materials,I payed 128$ just to wear it once and the material already starts getting bad,Sizing & Fit,Fit expectation mismatch that may increase return risk.,12265960,2,https://photos-us.bazaarvoice.com/photo/2/cGhvdG86bHVsdWxlbW9u/7ac6957c-625e-5408-9c1d-5280951bcce4,D:\lululemonvog\data\images\define_jacket_nulu\1_star\238434921_12265960.jpg,False,4,0,True to size
Define Jacket Nulu,define_jacket_nulu,Define_Jacket_Nulu,https://shop.lululemon.com/p/jackets-and-hoodies-jackets/Define-Jacket-Nulu/_/prod11020158?color=75697,Jackets,238434921,1,2024-12-23T14:34:52.000+00:00,Materials,I payed 128$ just to wear it once and the material already starts getting bad,Sizing & Fit,Fit expectation mismatch that may increase return risk.,12265961,3,https://photos-us.bazaarvoice.com/photo/2/cGhvdG86bHVsdWxlbW9u/098bdbdb-6b94-5977-9949-bd676741b6c2,D:\lululemonvog\data\images\define_jacket_nulu\1_star\238434921_12265961.jpg,False,4,0,True to size
Define Jacket Nulu,define_jacket_nulu,Define_Jacket_Nulu,https://shop.lululemon.com/p/jackets-and-hoodies-jackets/Define-Jacket-Nulu/_/prod11020158?color=75697,Jackets,238434921,1,2024-12-23T14:34:52.000+00:00,Materials,I payed 128$ just to wear it once and the material already starts getting bad,Sizing & Fit,Fit expectation mismatch that may increase return risk.,12265962,4,https://photos-us.bazaarvoice.com/photo/2/cGhvdG86bHVsdWxlbW9u/54efbe19-d188-5da2-982b-ebd81528b44e,D:\lululemonvog\data\images\define_jacket_nulu\1_star\238434921_12265962.jpg,False,4,0,True to size
Define Jacket Nulu,define_jacket_nulu,Define_Jacket_Nulu,https://shop.lululemon.com/p/jackets-and-hoodies-jackets/Define-Jacket-Nulu/_/prod11020158?color=75697,Jackets,238549757,2,2024-12-27T16:53:55.000+00:00,Disappointed,I purchased this for my 16 year old daughter after one wash we have pilling and wear at thumb holes and on the inside of the jacket there are bra straps are/were of all things. Not what I would expect from athletic wear especially something so expensive and highly coveted. It was washed according to the label and how I was her things period. I even used a laundry bag. :(,Fabric & Material Quality,Product material or durability concern affecting premium brand trust.,12313115,1,https://photos-us.bazaarvoice.com/photo/2/cGhvdG86bHVsdWxlbW9u/9603675d-6d7c-5bc7-af18-54dee2572e9e,D:\lululemonvog\data\images\define_jacket_nulu\2_star\238549757_12313115.jpg,False,0,4,True to size
Define Jacket Nulu,define_jacket_nulu,Define_Jacket_Nulu,https://shop.lululemon.com/p/jackets-and-hoodies-jackets/Define-Jacket-Nulu/_/prod11020158?color=75697,Jackets,238549757,2,2024-12-27T16:53:55.000+00:00,Disappointed,I purchased this for my 16 year old daughter after one wash we have pilling and wear at thumb holes and on the inside of the jacket there are bra straps are/were of all things. Not what I would expect from athletic wear especially something so expensive and highly coveted. It was washed according to the label and how I was her things period. I even used a laundry bag. :(,Fabric & Material Quality,Product material or durability concern affecting premium brand trust.,12313116,2,https://photos-us.bazaarvoice.com/photo/2/cGhvdG86bHVsdWxlbW9u/bc184cab-050a-599a-a246-a809492bcbf3,D:\lululemonvog\data\images\define_jacket_nulu\2_star\238549757_12313116.jpg,False,0,4,True to size
Define Jacket Nulu,define_jacket_nulu,Define_Jacket_Nulu,https://shop.lululemon.com/p/jackets-and-hoodies-jackets/Define-Jacket-Nulu/_/prod11020158?color=75697,Jackets,238549757,2,2024-12-27T16:53:55.000+00:00,Disappointed,I purchased this for my 16 year old daughter after one wash we have pilling and wear at thumb holes and on the inside of the jacket there are bra straps are/were of all things. Not what I would expect from athletic wear especially something so expensive and highly coveted. It was washed according to the label and how I was her things period. I even used a laundry bag. :(,Fabric & Material Quality,Product material or durability concern affecting premium brand trust.,12313117,3,https://photos-us.bazaarvoice.com/photo/2/cGhvdG86bHVsdWxlbW9u/fd9f6927-c76b-5c3f-87a2-efaee291fadb,D:\lululemonvog\data\images\define_jacket_nulu\2_star\238549757_12313117.jpg,False,0,4,True to size
Define Jacket Nulu,define_jacket_nulu,Define_Jacket_Nulu,https://shop.lululemon.com/p/jackets-and-hoodies-jackets/Define-Jacket-Nulu/_/prod11020158?color=75697,Jackets,238835792,3,2025-01-05T19:13:10.000+00:00,Looks great but doesn’t last,"The Nulu Define Jacket is very slimming and flattering. I bought the light pink (“strawberry milkshake”) one for my daughter’s birthday at the end of the summer and she loved it so much that she requested another one for Christmas (a grey-blue one with gold accents). So, why am I only giving three stars to an item that we liked so much that we ended up repurchasing? Because it doesn’t last. Despite us washing the jacket exactly as per the instructions on the tag, the fabric pilled after only a few washes. It also stained very easily. The pictures of the light pink jacket here enclosed are after five months of normal wear. I would not have repurchased it myself, but my daughter loves the look of this jacket so much that in the end the purchase was worth it.",Fabric & Material Quality,Product material or durability concern affecting premium brand trust.,12424377,1,https://photos-us.bazaarvoice.com/photo/2/cGhvdG86bHVsdWxlbW9u/dadd1dce-ec35-505e-bc3c-8d19d3e7e047,D:\lululemonvog\data\images\define_jacket_nulu\3_star\238835792_12424377.jpg,False,2,10,True to size
Define Jacket Nulu,define_jacket_nulu,Define_Jacket_Nulu,https://shop.lululemon.com/p/jackets-and-hoodies-jackets/Define-Jacket-Nulu/_/prod11020158?color=75697,Jackets,238835792,3,2025-01-05T19:13:10.000+00:00,Looks great but doesn’t last,"The Nulu Define Jacket is very slimming and flattering. I bought the light pink (“strawberry milkshake”) one for my daughter’s birthday at the end of the summer and she loved it so much that she requested another one for Christmas (a grey-blue one with gold accents). So, why am I only giving three stars to an item that we liked so much that we ended up repurchasing? Because it doesn’t last. Despite us washing the jacket exactly as per the instructions on the tag, the fabric pilled after only a few washes. It also stained very easily. The pictures of the light pink jacket here enclosed are after five months of normal wear. I would not have repurchased it myself, but my daughter loves the look of this jacket so much that in the end the purchase was worth it.",Fabric & Material Quality,Product material or durability concern affecting premium brand trust.,12424378,2,https://photos-us.bazaarvoice.com/photo/2/cGhvdG86bHVsdWxlbW9u/9989f3f6-6c36-5e90-a8a4-9361d68ead9a,D:\lululemonvog\data\images\define_jacket_nulu\3_star\238835792_12424378.jpg,False,2,10,True to size
Define Jacket Nulu,define_jacket_nulu,Define_Jacket_Nulu,https://shop.lululemon.com/p/jackets-and-hoodies-jackets/Define-Jacket-Nulu/_/prod11020158?color=75697,Jackets,238835792,3,2025-01-05T19:13:10.000+00:00,Looks great but doesn’t last,"The Nulu Define Jacket is very slimming and flattering. I bought the light pink (“strawberry milkshake”) one for my daughter’s birthday at the end of the summer and she loved it so much that she requested another one for Christmas (a grey-blue one with gold accents). So, why am I only giving three stars to an item that we liked so much that we ended up repurchasing? Because it doesn’t last. Despite us washing the jacket exactly as per the instructions on the tag, the fabric pilled after only a few washes. It also stained very easily. The pictures of the light pink jacket here enclosed are after five months of normal wear. I would not have repurchased it myself, but my daughter loves the look of this jacket so much that in the end the purchase was worth it.",Fabric & Material Quality,Product material or durability concern affecting premium brand trust.,12424379,3,https://photos-us.bazaarvoice.com/photo/2/cGhvdG86bHVsdWxlbW9u/9747f57e-e46f-5153-8ce7-24af30ce9001,D:\lululemonvog\data\images\define_jacket_nulu\3_star\238835792_12424379.jpg,False,2,10,True to size
Define Jacket Nulu,define_jacket_nulu,Define_Jacket_Nulu,https://shop.lululemon.com/p/jackets-and-hoodies-jackets/Define-Jacket-Nulu/_/prod11020158?color=75697,Jackets,238835792,3,2025-01-05T19:13:10.000+00:00,Looks great but doesn’t last,"The Nulu Define Jacket is very slimming and flattering. I bought the light pink (“strawberry milkshake”) one for my daughter’s birthday at the end of the summer and she loved it so much that she requested another one for Christmas (a grey-blue one with gold accents). So, why am I only giving three stars to an item that we liked so much that we ended up repurchasing? Because it doesn’t last. Despite us washing the jacket exactly as per the instructions on the tag, the fabric pilled after only a few washes. It also stained very easily. The pictures of the light pink jacket here enclosed are after five months of normal wear. I would not have repurchased it myself, but my daughter loves the look of this jacket so much that in the end the purchase was worth it.",Fabric & Material Quality,Product material or durability concern affecting premium brand trust.,12424380,4,https://photos-us.bazaarvoice.com/photo/2/cGhvdG86bHVsdWxlbW9u/07dd5f56-1386-57d4-8ead-df4970a92d9c,D:\lululemonvog\data\images\define_jacket_nulu\3_star\238835792_12424380.jpg,False,2,10,True to size
Define Jacket Nulu,define_jacket_nulu,Define_Jacket_Nulu,https://shop.lululemon.com/p/jackets-and-hoodies-jackets/Define-Jacket-Nulu/_/prod11020158?color=75697,Jackets,238835792,3,2025-01-05T19:13:10.000+00:00,Looks great but doesn’t last,"The Nulu Define Jacket is very slimming and flattering. I bought the light pink (“strawberry milkshake”) one for my daughter’s birthday at the end of the summer and she loved it so much that she requested another one for Christmas (a grey-blue one with gold accents). So, why am I only giving three stars to an item that we liked so much that we ended up repurchasing? Because it doesn’t last. Despite us washing the jacket exactly as per the instructions on the tag, the fabric pilled after only a few washes. It also stained very easily. The pictures of the light pink jacket here enclosed are after five months of normal wear. I would not have repurchased it myself, but my daughter loves the look of this jacket so much that in the end the purchase was worth it.",Fabric & Material Quality,Product material or durability concern affecting premium brand trust.,12424381,5,https://photos-us.bazaarvoice.com/photo/2/cGhvdG86bHVsdWxlbW9u/ebb3fd43-dd59-5068-b8ad-130b37b250b6,D:\lululemonvog\data\images\define_jacket_nulu\3_star\238835792_12424381.jpg,False,2,10,True to size
Define Jacket Nulu,define_jacket_nulu,Define_Jacket_Nulu,https://shop.lululemon.com/p/jackets-and-hoodies-jackets/Define-Jacket-Nulu/_/prod11020158?color=75697,Jackets,239134603,2,2025-01-16T21:07:07.000+00:00,disappointed,"I was not satisfied when I got my package, the sizing was correct but it had multiple stains on it. The package was also not packaged properly.",Sizing & Fit,Fit expectation mismatch that may increase return risk.,12542321,1,https://photos-us.bazaarvoice.com/photo/2/cGhvdG86bHVsdWxlbW9u/d4551e13-06f6-5071-8e9f-15aeb889473e,D:\lululemonvog\data\images\define_jacket_nulu\2_star\239134603_12542321.jpg,False,0,,True to size
Define Jacket Nulu,define_jacket_nulu,Define_Jacket_Nulu,https://shop.lululemon.com/p/jackets-and-hoodies-jackets/Define-Jacket-Nulu/_/prod11020158?color=75697,Jackets,239134603,2,2025-01-16T21:07:07.000+00:00,disappointed,"I was not satisfied when I got my package, the sizing was correct but it had multiple stains on it. The package was also not packaged properly.",Sizing & Fit,Fit expectation mismatch that may increase return risk.,12542322,2,https://photos-us.bazaarvoice.com/photo/2/cGhvdG86bHVsdWxlbW9u/bf32e23b-b724-5c5a-87f8-6ab4283688ab,D:\lululemonvog\data\images\define_jacket_nulu\2_star\239134603_12542322.jpg,False,0,,True to size
Define Jacket Nulu,define_jacket_nulu,Define_Jacket_Nulu,https://shop.lululemon.com/p/jackets-and-hoodies-jackets/Define-Jacket-Nulu/_/prod11020158?color=75697,Jackets,239134603,2,2025-01-16T21:07:07.000+00:00,disappointed,"I was not satisfied when I got my package, the sizing was correct but it had multiple stains on it. The package was also not packaged properly.",Sizing & Fit,Fit expectation mismatch that may increase return risk.,12542323,3,https://photos-us.bazaarvoice.com/photo/2/cGhvdG86bHVsdWxlbW9u/9b8cfa8b-e8ad-5e71-8b07-e5d5f33f4d77,D:\lululemonvog\data\images\define_jacket_nulu\2_star\239134603_12542323.jpg,False,0,,True to size
Define Jacket Nulu,define_jacket_nulu,Define_Jacket_Nulu,https://shop.lululemon.com/p/jackets-and-hoodies-jackets/Define-Jacket-Nulu/_/prod11020158?color=75697,Jackets,239139581,1,2025-01-17T01:09:46.000+00:00,False advertisement,I order this jacket for my daughter for Christmas after paying $118 for the jacket it didn’t have the symbol on the back. I am consulting an attorney about False Advertisement what I receive did not look like the picture.,Sizing & Fit,Fit expectation mismatch that may increase return risk.,12545254,1,https://photos-us.bazaarvoice.com/photo/2/cGhvdG86bHVsdWxlbW9u/71547ed8-00cd-5ad2-91cc-723c27413363,D:\lululemonvog\data\images\define_jacket_nulu\1_star\239139581_12545254.jpg,False,2,2,True to size
Define Jacket Nulu,define_jacket_nulu,Define_Jacket_Nulu,https://shop.lululemon.com/p/jackets-and-hoodies-jackets/Define-Jacket-Nulu/_/prod11020158?color=75697,Jackets,239139581,1,2025-01-17T01:09:46.000+00:00,False advertisement,I order this jacket for my daughter for Christmas after paying $118 for the jacket it didn’t have the symbol on the back. I am consulting an attorney about False Advertisement what I receive did not look like the picture.,Sizing & Fit,Fit expectation mismatch that may increase return risk.,12545255,2,https://photos-us.bazaarvoice.com/photo/2/cGhvdG86bHVsdWxlbW9u/9d0ce5b6-541f-58ad-bf93-e058ee5a4da1,D:\lululemonvog\data\images\define_jacket_nulu\1_star\239139581_12545255.jpg,False,2,2,True to size
Define Jacket Nulu,define_jacket_nulu,Define_Jacket_Nulu,https://shop.lululemon.com/p/jackets-and-hoodies-jackets/Define-Jacket-Nulu/_/prod11020158?color=75697,Jackets,239139581,1,2025-01-17T01:09:46.000+00:00,False advertisement,I order this jacket for my daughter for Christmas after paying $118 for the jacket it didn’t have the symbol on the back. I am consulting an attorney about False Advertisement what I receive did not look like the picture.,Sizing & Fit,Fit expectation mismatch that may increase return risk.,12545256,3,https://photos-us.bazaarvoice.com/photo/2/cGhvdG86bHVsdWxlbW9u/fc6510fe-09ce-5cb0-bd27-b838f2754224,D:\lululemonvog\data\images\define_jacket_nulu\1_star\239139581_12545256.jpg,False,2,2,True to size
Define Jacket Nulu,define_jacket_nulu,Define_Jacket_Nulu,https://shop.lululemon.com/p/jackets-and-hoodies-jackets/Define-Jacket-Nulu/_/prod11020158?color=75697,Jackets,239318519,3,2025-01-24T21:07:01.000+00:00,Perfect pink milkshake color,Its a pretty pink color but i found the fabric too thin for my liking I'd prefer the pink in the luon.,Fabric & Material Quality,Product material or durability concern affecting premium brand trust.,12612274,1,https://photos-us.bazaarvoice.com/photo/2/cGhvdG86bHVsdWxlbW9u/c1e8c29b-a020-53b7-9f89-3092995e87d5,D:\lululemonvog\data\images\define_jacket_nulu\3_star\239318519_12612274.jpg,False,0,8,Runs a bit small
Define Jacket Nulu,define_jacket_nulu,Define_Jacket_Nulu,https://shop.lululemon.com/p/jackets-and-hoodies-jackets/Define-Jacket-Nulu/_/prod11020158?color=75697,Jackets,239512413,1,2025-02-03T13:12:11.000+00:00,Serious quality issues and NO customer service,Serious quality issue. Stitching coming undone on sleeves and multiple pulls throughout different areas of the jacket (not pulling but pulls of fabric coming through!). All of this after literally wearing the jacket for an hour TOPS and not even washing it yet!! The worst part is the customer service. It’s been 11 days about my inquiry into the fabric quality and there has been NO reply whatsoever. I’ve followed up and get a run around message of asking for the same details over and over again without committing to any sort of reply. I otherwise love the jacket and want a resolution but it’s seriously been the customer service (or complete LACK of) that has me flabbergasted and speaks to the apparent “integrity” of this company.,Fabric & Material Quality,Product material or durability concern affecting premium brand trust.,12682460,1,https://photos-us.bazaarvoice.com/photo/2/cGhvdG86bHVsdWxlbW9u/760e764c-2789-56bc-90f7-f2c788196305,D:\lululemonvog\data\images\define_jacket_nulu\1_star\239512413_12682460.jpg,False,2,,
Define Jacket Nulu,define_jacket_nulu,Define_Jacket_Nulu,https://shop.lululemon.com/p/jackets-and-hoodies-jackets/Define-Jacket-Nulu/_/prod11020158?color=75697,Jackets,239554238,1,2025-02-05T13:08:13.000+00:00,Poor Quality,This is the 3rd piece of brand now clothing I've purchased from lululemon that has come damaged due to poor quality. Put this jacket on and my husband told me one of the seams had separated revealing a small hole. Ive had this issue before with either that or threads and stitching pulling off as well.,Stitching & Construction,Construction quality issue may undermine perceived craftsmanship.,12696388,1,https://photos-us.bazaarvoice.com/photo/2/cGhvdG86bHVsdWxlbW9u/a8eb7c24-3a1f-5927-adda-4f445a65a90a,D:\lululemonvog\data\images\define_jacket_nulu\1_star\239554238_12696388.jpg,False,1,Size 6,True to size
Define Jacket Nulu,define_jacket_nulu,Define_Jacket_Nulu,https://shop.lululemon.com/p/jackets-and-hoodies-jackets/Define-Jacket-Nulu/_/prod11020158?color=75697,Jackets,239568798,2,2025-02-05T23:00:53.000+00:00,Milkshake define jacket,The jacket was great it’s the delivery company that threw me off the guy came to my door with blood on the package and it was open at the bottom some how it got on the jacket and I washed it . It was fine but the delivery company is really odd I didn’t seem to have this problem with the bag I got,Shipping & Delivery,Post-purchase delivery problem affecting customer experience.,12701133,1,https://photos-us.bazaarvoice.com/photo/2/cGhvdG86bHVsdWxlbW9u/f76bf780-2b30-5fe1-94df-15c090edb9ae,D:\lululemonvog\data\images\define_jacket_nulu\2_star\239568798_12701133.jpg,False,0,8,True to size
Define Jacket Nulu,define_jacket_nulu,Define_Jacket_Nulu,https://shop.lululemon.com/p/jackets-and-hoodies-jackets/Define-Jacket-Nulu/_/prod11020158?color=75697,Jackets,240665548,1,2025-03-14T12:10:57.000+00:00,Beautiful jacket but does not hold up,"i love the look of this jacket and was obsessed with the pink color and rose gold zipper! But I have had this jacket less than a month and have washed it twice - cold, delicate, by itself, and hung to dry. It has seams ripping and pilling in multiple places.",Fabric & Material Quality,Product material or durability concern affecting premium brand trust.,13110911,1,https://photos-us.bazaarvoice.com/photo/2/cGhvdG86bHVsdWxlbW9u/1736b77a-48a4-5ed7-9f80-d18784f21b8f,D:\lululemonvog\data\images\define_jacket_nulu\1_star\240665548_13110911.jpg,False,6,12,True to size
Define Jacket Nulu,define_jacket_nulu,Define_Jacket_Nulu,https://shop.lululemon.com/p/jackets-and-hoodies-jackets/Define-Jacket-Nulu/_/prod11020158?color=75697,Jackets,240665548,1,2025-03-14T12:10:57.000+00:00,Beautiful jacket but does not hold up,"i love the look of this jacket and was obsessed with the pink color and rose gold zipper! But I have had this jacket less than a month and have washed it twice - cold, delicate, by itself, and hung to dry. It has seams ripping and pilling in multiple places.",Fabric & Material Quality,Product material or durability concern affecting premium brand trust.,13110912,2,https://photos-us.bazaarvoice.com/photo/2/cGhvdG86bHVsdWxlbW9u/40705fa8-d6a3-5b75-be52-2bd75789bfe5,D:\lululemonvog\data\images\define_jacket_nulu\1_star\240665548_13110912.jpg,False,6,12,True to size
Define Jacket Nulu,define_jacket_nulu,Define_Jacket_Nulu,https://shop.lululemon.com/p/jackets-and-hoodies-jackets/Define-Jacket-Nulu/_/prod11020158?color=75697,Jackets,240729466,3,2025-03-17T15:51:45.000+00:00,Too expensive to be falling apart.,"Im giving this 3 stars only because it is sooo cute, extremely soft and comfortable and it truly fits really well. However, I only got to wear it ONE time to the gym before it was noticeably damaged. Isnt wearing it to the gym how its intended to be worn? I would get this again but I will never work out in it again. Stick to just walking or running in it. The stitches and inseams seem to be easily messed up as well.",Sizing & Fit,Fit expectation mismatch that may increase return risk.,13136690,1,https://photos-us.bazaarvoice.com/photo/2/cGhvdG86bHVsdWxlbW9u/dea968ad-5459-5953-9063-b21a770d9a62,D:\lululemonvog\data\images\define_jacket_nulu\3_star\240729466_13136690.jpg,False,3,10,True to size
Define Jacket Nulu,define_jacket_nulu,Define_Jacket_Nulu,https://shop.lululemon.com/p/jackets-and-hoodies-jackets/Define-Jacket-Nulu/_/prod11020158?color=75697,Jackets,240729466,3,2025-03-17T15:51:45.000+00:00,Too expensive to be falling apart.,"Im giving this 3 stars only because it is sooo cute, extremely soft and comfortable and it truly fits really well. However, I only got to wear it ONE time to the gym before it was noticeably damaged. Isnt wearing it to the gym how its intended to be worn? I would get this again but I will never work out in it again. Stick to just walking or running in it. The stitches and inseams seem to be easily messed up as well.",Sizing & Fit,Fit expectation mismatch that may increase return risk.,13136691,2,https://photos-us.bazaarvoice.com/photo/2/cGhvdG86bHVsdWxlbW9u/ff1dbe38-35b1-59bd-a0d4-a5948ddfb491,D:\lululemonvog\data\images\define_jacket_nulu\3_star\240729466_13136691.jpg,False,3,10,True to size
Define Jacket Nulu,define_jacket_nulu,Define_Jacket_Nulu,https://shop.lululemon.com/p/jackets-and-hoodies-jackets/Define-Jacket-Nulu/_/prod11020158?color=75697,Jackets,240824769,1,2025-03-21T23:41:29.000+00:00,Nulu jacket,I wore my new jacket for the first time today and it has a lot of stitching is coming out this has happened to 3 of my jackets now and for the price I would expect this to not happen,Sizing & Fit,Fit expectation mismatch that may increase return risk.,13184446,1,https://photos-us.bazaarvoice.com/photo/2/cGhvdG86bHVsdWxlbW9u/b4bf3f0f-9295-5f89-aa63-b35c7452db35,D:\lululemonvog\data\images\define_jacket_nulu\1_star\240824769_13184446.jpg,False,4,12,True to size
Define Jacket Nulu,define_jacket_nulu,Define_Jacket_Nulu,https://shop.lululemon.com/p/jackets-and-hoodies-jackets/Define-Jacket-Nulu/_/prod11020158?color=75697,Jackets,240824769,1,2025-03-21T23:41:29.000+00:00,Nulu jacket,I wore my new jacket for the first time today and it has a lot of stitching is coming out this has happened to 3 of my jackets now and for the price I would expect this to not happen,Sizing & Fit,Fit expectation mismatch that may increase return risk.,13184447,2,https://photos-us.bazaarvoice.com/photo/2/cGhvdG86bHVsdWxlbW9u/cf27959f-28b2-5079-95b6-977f50bb9998,D:\lululemonvog\data\images\define_jacket_nulu\1_star\240824769_13184447.jpg,False,4,12,True to size
Define Jacket Nulu,define_jacket_nulu,Define_Jacket_Nulu,https://shop.lululemon.com/p/jackets-and-hoodies-jackets/Define-Jacket-Nulu/_/prod11020158?color=75697,Jackets,240824769,1,2025-03-21T23:41:29.000+00:00,Nulu jacket,I wore my new jacket for the first time today and it has a lot of stitching is coming out this has happened to 3 of my jackets now and for the price I would expect this to not happen,Sizing & Fit,Fit expectation mismatch that may increase return risk.,13184448,3,https://photos-us.bazaarvoice.com/photo/2/cGhvdG86bHVsdWxlbW9u/88505ee4-29d7-58b8-b9ee-efc758075d57,D:\lululemonvog\data\images\define_jacket_nulu\1_star\240824769_13184448.jpg,False,4,12,True to size
Define Jacket Nulu,define_jacket_nulu,Define_Jacket_Nulu,https://shop.lululemon.com/p/jackets-and-hoodies-jackets/Define-Jacket-Nulu/_/prod11020158?color=75697,Jackets,241565832,1,2025-04-26T19:53:45.000+00:00,Terrible support,This was not delivered to my house and customer support has been extremely unhelpful in tracking it and providing support.,Customer Service,Support or resolution issue affecting trust and loyalty.,13532268,1,https://photos-us.bazaarvoice.com/photo/2/cGhvdG86bHVsdWxlbW9u/846a60ac-6cb7-5d34-a41d-4bf99c0e5486,D:\lululemonvog\data\images\define_jacket_nulu\1_star\241565832_13532268.jpg,False,5,4,
Define Jacket Nulu,define_jacket_nulu,Define_Jacket_Nulu,https://shop.lululemon.com/p/jackets-and-hoodies-jackets/Define-Jacket-Nulu/_/prod11020158?color=75697,Jackets,241901991,2,2025-05-13T18:17:33.000+00:00,Too long,Too long for short torso so zipper pops out and looks dumb when sitting and even when standing. 5’3” and ordered size 2. I’d recommend cropped if under 5’4”.,Sizing & Fit,Fit expectation mismatch that may increase return risk.,13716112,1,https://photos-us.bazaarvoice.com/photo/2/cGhvdG86bHVsdWxlbW9u/5574beea-d6e3-5f21-b500-fe6b75e326ca,D:\lululemonvog\data\images\define_jacket_nulu\2_star\241901991_13716112.jpg,False,0,2,Runs a bit large
Define Jacket Nulu,define_jacket_nulu,Define_Jacket_Nulu,https://shop.lululemon.com/p/jackets-and-hoodies-jackets/Define-Jacket-Nulu/_/prod11020158?color=75697,Jackets,242006592,3,2025-05-18T15:08:49.000+00:00,Zipper messed up,"I recently ordered the light ivory gold and spent $118 just for the zipper not even to be gold, it was like it was tarnished or something fresh out the bag and turning into bronze.",Sizing & Fit,Fit expectation mismatch that may increase return risk.,13770297,1,https://photos-us.bazaarvoice.com/photo/2/cGhvdG86bHVsdWxlbW9u/c5ab019a-ba1d-5ae4-b3a8-6c42241e51aa,D:\lululemonvog\data\images\define_jacket_nulu\3_star\242006592_13770297.jpg,False,0,4,True to size
Define Jacket Nulu,define_jacket_nulu,Define_Jacket_Nulu,https://shop.lululemon.com/p/jackets-and-hoodies-jackets/Define-Jacket-Nulu/_/prod11020158?color=75697,Jackets,242006592,3,2025-05-18T15:08:49.000+00:00,Zipper messed up,"I recently ordered the light ivory gold and spent $118 just for the zipper not even to be gold, it was like it was tarnished or something fresh out the bag and turning into bronze.",Sizing & Fit,Fit expectation mismatch that may increase return risk.,13770298,2,https://photos-us.bazaarvoice.com/photo/2/cGhvdG86bHVsdWxlbW9u/b4f419f2-36b2-51e2-812a-16999b6fbeb7,D:\lululemonvog\data\images\define_jacket_nulu\3_star\242006592_13770298.jpg,False,0,4,True to size
Define Jacket Nulu,define_jacket_nulu,Define_Jacket_Nulu,https://shop.lululemon.com/p/jackets-and-hoodies-jackets/Define-Jacket-Nulu/_/prod11020158?color=75697,Jackets,242006592,3,2025-05-18T15:08:49.000+00:00,Zipper messed up,"I recently ordered the light ivory gold and spent $118 just for the zipper not even to be gold, it was like it was tarnished or something fresh out the bag and turning into bronze.",Sizing & Fit,Fit expectation mismatch that may increase return risk.,13770299,3,https://photos-us.bazaarvoice.com/photo/2/cGhvdG86bHVsdWxlbW9u/2693e2a0-bfe7-524e-8edb-c600bdb857de,D:\lululemonvog\data\images\define_jacket_nulu\3_star\242006592_13770299.jpg,False,0,4,True to size
Define Jacket Nulu,define_jacket_nulu,Define_Jacket_Nulu,https://shop.lululemon.com/p/jackets-and-hoodies-jackets/Define-Jacket-Nulu/_/prod11020158?color=75697,Jackets,242312982,1,2025-05-31T21:17:45.000+00:00,"Terrible quality, pills after 1 wear.","I've bought 3 of these recently. They look amazing for the first wear, then pill terribly, especially around the wrists. How can Lulu be okay with making such low quality items these days? It's disrespectful at this point. Nothing compares to Lulu design but I can't really tolerate it anymore.",Fabric & Material Quality,Product material or durability concern affecting premium brand trust.,13906630,1,https://photos-us.bazaarvoice.com/photo/2/cGhvdG86bHVsdWxlbW9u/37052cdc-a7f8-567e-9bcd-c0bd31f38d9d,D:\lululemonvog\data\images\define_jacket_nulu\1_star\242312982_13906630.jpg,False,3,8,True to size
Define Jacket Nulu,define_jacket_nulu,Define_Jacket_Nulu,https://shop.lululemon.com/p/jackets-and-hoodies-jackets/Define-Jacket-Nulu/_/prod11020158?color=75697,Jackets,243312577,1,2025-07-15T17:32:59.000+00:00,gets very piled up,"When I first opened it, it was perfect but after 1 use it got very piled up and very bad it doesn’t look brand new after 2 use",Other,Review content requires manual inspection for a clearer root cause.,14306643,1,https://photos-us.bazaarvoice.com/photo/2/cGhvdG86bHVsdWxlbW9u/7f943102-d47a-5028-8a77-b2783ec12270,D:\lululemonvog\data\images\define_jacket_nulu\1_star\243312577_14306643.jpg,False,3,0,Runs a bit large
Define Jacket Nulu,define_jacket_nulu,Define_Jacket_Nulu,https://shop.lululemon.com/p/jackets-and-hoodies-jackets/Define-Jacket-Nulu/_/prod11020158?color=75697,Jackets,243407527,1,2025-07-20T03:07:31.000+00:00,Pills,After one wash it got pills,Fabric & Material Quality,Product material or durability concern affecting premium brand trust.,14337188,1,https://photos-us.bazaarvoice.com/photo/2/cGhvdG86bHVsdWxlbW9u/29b2502d-8f82-535b-b871-2216e0ff1683,D:\lululemonvog\data\images\define_jacket_nulu\1_star\243407527_14337188.jpg,False,2,6,Runs a bit small
Define Jacket Nulu,define_jacket_nulu,Define_Jacket_Nulu,https://shop.lululemon.com/p/jackets-and-hoodies-jackets/Define-Jacket-Nulu/_/prod11020158?color=75697,Jackets,243407527,1,2025-07-20T03:07:31.000+00:00,Pills,After one wash it got pills,Fabric & Material Quality,Product material or durability concern affecting premium brand trust.,14337189,2,https://photos-us.bazaarvoice.com/photo/2/cGhvdG86bHVsdWxlbW9u/ac0a4d06-6742-53a7-91c2-ff7fdcaa8f37,D:\lululemonvog\data\images\define_jacket_nulu\1_star\243407527_14337189.jpg,False,2,6,Runs a bit small
Define Jacket Nulu,define_jacket_nulu,Define_Jacket_Nulu,https://shop.lululemon.com/p/jackets-and-hoodies-jackets/Define-Jacket-Nulu/_/prod11020158?color=75697,Jackets,243407527,1,2025-07-20T03:07:31.000+00:00,Pills,After one wash it got pills,Fabric & Material Quality,Product material or durability concern affecting premium brand trust.,14337190,3,https://photos-us.bazaarvoice.com/photo/2/cGhvdG86bHVsdWxlbW9u/5b6c82c7-2d3c-5fa4-93b4-d2c04a7292ab,D:\lululemonvog\data\images\define_jacket_nulu\1_star\243407527_14337190.jpg,False,2,6,Runs a bit small
Define Jacket Nulu,define_jacket_nulu,Define_Jacket_Nulu,https://shop.lululemon.com/p/jackets-and-hoodies-jackets/Define-Jacket-Nulu/_/prod11020158?color=75697,Jackets,243407527,1,2025-07-20T03:07:31.000+00:00,Pills,After one wash it got pills,Fabric & Material Quality,Product material or durability concern affecting premium brand trust.,14337191,4,https://photos-us.bazaarvoice.com/photo/2/cGhvdG86bHVsdWxlbW9u/b7100bcc-ae4e-529e-a2cc-ce3f40ffb0d2,D:\lululemonvog\data\images\define_jacket_nulu\1_star\243407527_14337191.jpg,False,2,6,Runs a bit small
Define Jacket Nulu,define_jacket_nulu,Define_Jacket_Nulu,https://shop.lululemon.com/p/jackets-and-hoodies-jackets/Define-Jacket-Nulu/_/prod11020158?color=75697,Jackets,243867584,1,2025-08-08T05:45:01.000+00:00,Make sure to hand wash this not put in the wash!!,Looks old after one wash! Definitely hand wash this because I put it in the wash and now the fabric is all bubbly and looks like its 10 years old when I just bought it. Not the best.,Sizing & Fit,Fit expectation mismatch that may increase return risk.,14496662,1,https://photos-us.bazaarvoice.com/photo/2/cGhvdG86bHVsdWxlbW9u/089a9158-5065-53f3-80f1-38a9b5b77b79,D:\lululemonvog\data\images\define_jacket_nulu\1_star\243867584_14496662.jpg,False,2,6,True to size
Define Jacket Nulu,define_jacket_nulu,Define_Jacket_Nulu,https://shop.lululemon.com/p/jackets-and-hoodies-jackets/Define-Jacket-Nulu/_/prod11020158?color=75697,Jackets,243867584,1,2025-08-08T05:45:01.000+00:00,Make sure to hand wash this not put in the wash!!,Looks old after one wash! Definitely hand wash this because I put it in the wash and now the fabric is all bubbly and looks like its 10 years old when I just bought it. Not the best.,Sizing & Fit,Fit expectation mismatch that may increase return risk.,14496663,2,https://photos-us.bazaarvoice.com/photo/2/cGhvdG86bHVsdWxlbW9u/69eefb29-10bd-5256-ac5c-73f9f5a5f4fc,D:\lululemonvog\data\images\define_jacket_nulu\1_star\243867584_14496663.jpg,False,2,6,True to size
Define Jacket Nulu,define_jacket_nulu,Define_Jacket_Nulu,https://shop.lululemon.com/p/jackets-and-hoodies-jackets/Define-Jacket-Nulu/_/prod11020158?color=75697,Jackets,244707538,1,2025-09-16T22:45:15.000+00:00,Disappointed,"I was very excited when the white and gold Nulu jacket was in stock. I’d been eyeballing it forever. After minimal wear and only one wash where I hung to dry, there is already noticeable pilling. I have taken excellent care of this jacket and have the black and gold nulu that I’ve had for years that has zero pilling. I’m not sure what makes this one different, but to say I’ve worn less than ten times (likely less) the pilling is unacceptable for the price.",Fabric & Material Quality,Product material or durability concern affecting premium brand trust.,14863106,1,https://photos-us.bazaarvoice.com/photo/2/cGhvdG86bHVsdWxlbW9u/23526e83-e336-5c51-9ef6-53e1da059aca,D:\lululemonvog\data\images\define_jacket_nulu\1_star\244707538_14863106.jpg,False,4,12,True to size
Define Jacket Nulu,define_jacket_nulu,Define_Jacket_Nulu,https://shop.lululemon.com/p/jackets-and-hoodies-jackets/Define-Jacket-Nulu/_/prod11020158?color=75697,Jackets,244707538,1,2025-09-16T22:45:15.000+00:00,Disappointed,"I was very excited when the white and gold Nulu jacket was in stock. I’d been eyeballing it forever. After minimal wear and only one wash where I hung to dry, there is already noticeable pilling. I have taken excellent care of this jacket and have the black and gold nulu that I’ve had for years that has zero pilling. I’m not sure what makes this one different, but to say I’ve worn less than ten times (likely less) the pilling is unacceptable for the price.",Fabric & Material Quality,Product material or durability concern affecting premium brand trust.,14863107,2,https://photos-us.bazaarvoice.com/photo/2/cGhvdG86bHVsdWxlbW9u/9c633f0c-d9b2-5587-ba20-4e3f07289b8c,D:\lululemonvog\data\images\define_jacket_nulu\1_star\244707538_14863107.jpg,False,4,12,True to size
Define Jacket Nulu,define_jacket_nulu,Define_Jacket_Nulu,https://shop.lululemon.com/p/jackets-and-hoodies-jackets/Define-Jacket-Nulu/_/prod11020158?color=75697,Jackets,244707538,1,2025-09-16T22:45:15.000+00:00,Disappointed,"I was very excited when the white and gold Nulu jacket was in stock. I’d been eyeballing it forever. After minimal wear and only one wash where I hung to dry, there is already noticeable pilling. I have taken excellent care of this jacket and have the black and gold nulu that I’ve had for years that has zero pilling. I’m not sure what makes this one different, but to say I’ve worn less than ten times (likely less) the pilling is unacceptable for the price.",Fabric & Material Quality,Product material or durability concern affecting premium brand trust.,14863108,3,https://photos-us.bazaarvoice.com/photo/2/cGhvdG86bHVsdWxlbW9u/63010164-2fd5-557e-be1f-f1722df2d9ed,D:\lululemonvog\data\images\define_jacket_nulu\1_star\244707538_14863108.jpg,False,4,12,True to size
Define Jacket Nulu,define_jacket_nulu,Define_Jacket_Nulu,https://shop.lululemon.com/p/jackets-and-hoodies-jackets/Define-Jacket-Nulu/_/prod11020158?color=75697,Jackets,244764522,1,2025-09-19T21:07:00.000+00:00,Pills,I really wanted to give this a 5 star review because these are some of my favorite sweaters. But I am really disappointed to find that they pill really bad. Both sides near the armpit area you can see the pilling. I’ve only worn it twice.,Fabric & Material Quality,Product material or durability concern affecting premium brand trust.,14891017,1,https://photos-us.bazaarvoice.com/photo/2/cGhvdG86bHVsdWxlbW9u/24c89ebf-209b-5eb5-a9ec-deab5975bd48,D:\lululemonvog\data\images\define_jacket_nulu\1_star\244764522_14891017.jpg,False,3,8,True to size
Define Jacket Nulu,define_jacket_nulu,Define_Jacket_Nulu,https://shop.lululemon.com/p/jackets-and-hoodies-jackets/Define-Jacket-Nulu/_/prod11020158?color=75697,Jackets,244764522,1,2025-09-19T21:07:00.000+00:00,Pills,I really wanted to give this a 5 star review because these are some of my favorite sweaters. But I am really disappointed to find that they pill really bad. Both sides near the armpit area you can see the pilling. I’ve only worn it twice.,Fabric & Material Quality,Product material or durability concern affecting premium brand trust.,14891018,2,https://photos-us.bazaarvoice.com/photo/2/cGhvdG86bHVsdWxlbW9u/2b0c4f75-1c1b-5f07-89fe-d61916515157,D:\lululemonvog\data\images\define_jacket_nulu\1_star\244764522_14891018.jpg,False,3,8,True to size
Define Jacket Nulu,define_jacket_nulu,Define_Jacket_Nulu,https://shop.lululemon.com/p/jackets-and-hoodies-jackets/Define-Jacket-Nulu/_/prod11020158?color=75697,Jackets,245152572,1,2025-10-10T17:11:27.000+00:00,Pilling,"I bought this 1 week ago and it is giving Alo vibes. The jacket is pilling and it is not lululemon quality. I am not sure if I received a bad jacket. I don’t know what to do about this jacket and the pilling as this jacket is so comfortable and so nice but the pilling on both arms are very unattractive. If someone knows what I can do to fix this, or if I can go to the store and get a different jacket in place of this, please help!",Fabric & Material Quality,Product material or durability concern affecting premium brand trust.,15069699,1,https://photos-us.bazaarvoice.com/photo/2/cGhvdG86bHVsdWxlbW9u/75dab298-b3d6-52bd-a0eb-0ecf45df9546,D:\lululemonvog\data\images\define_jacket_nulu\1_star\245152572_15069699.jpg,False,2,10,Runs a bit small
Define Jacket Nulu,define_jacket_nulu,Define_Jacket_Nulu,https://shop.lululemon.com/p/jackets-and-hoodies-jackets/Define-Jacket-Nulu/_/prod11020158?color=75697,Jackets,245152572,1,2025-10-10T17:11:27.000+00:00,Pilling,"I bought this 1 week ago and it is giving Alo vibes. The jacket is pilling and it is not lululemon quality. I am not sure if I received a bad jacket. I don’t know what to do about this jacket and the pilling as this jacket is so comfortable and so nice but the pilling on both arms are very unattractive. If someone knows what I can do to fix this, or if I can go to the store and get a different jacket in place of this, please help!",Fabric & Material Quality,Product material or durability concern affecting premium brand trust.,15069700,2,https://photos-us.bazaarvoice.com/photo/2/cGhvdG86bHVsdWxlbW9u/82b7b05a-6486-5387-acf7-c34d873b319b,D:\lululemonvog\data\images\define_jacket_nulu\1_star\245152572_15069700.jpg,False,2,10,Runs a bit small
Define Jacket Nulu,define_jacket_nulu,Define_Jacket_Nulu,https://shop.lululemon.com/p/jackets-and-hoodies-jackets/Define-Jacket-Nulu/_/prod11020158?color=75697,Jackets,245215983,2,2025-10-14T05:28:41.000+00:00,Jakcet Pilling,Enjoy the fit but not the quality. Have had the jacket for not even two weeks and already pilling around arm and hand area.,Fabric & Material Quality,Product material or durability concern affecting premium brand trust.,15103768,1,https://photos-us.bazaarvoice.com/photo/2/cGhvdG86bHVsdWxlbW9u/e02f3cb9-1142-5c59-a65d-7af179a2e500,D:\lululemonvog\data\images\define_jacket_nulu\2_star\245215983_15103768.jpg,False,0,6,True to size
Define Jacket Nulu,define_jacket_nulu,Define_Jacket_Nulu,https://shop.lululemon.com/p/jackets-and-hoodies-jackets/Define-Jacket-Nulu/_/prod11020158?color=75697,Jackets,245215983,2,2025-10-14T05:28:41.000+00:00,Jakcet Pilling,Enjoy the fit but not the quality. Have had the jacket for not even two weeks and already pilling around arm and hand area.,Fabric & Material Quality,Product material or durability concern affecting premium brand trust.,15103769,2,https://photos-us.bazaarvoice.com/photo/2/cGhvdG86bHVsdWxlbW9u/17932882-2284-5f42-a8d8-6c2f1188cd36,D:\lululemonvog\data\images\define_jacket_nulu\2_star\245215983_15103769.jpg,False,0,6,True to size
Define Jacket Nulu,define_jacket_nulu,Define_Jacket_Nulu,https://shop.lululemon.com/p/jackets-and-hoodies-jackets/Define-Jacket-Nulu/_/prod11020158?color=75697,Jackets,245215983,2,2025-10-14T05:28:41.000+00:00,Jakcet Pilling,Enjoy the fit but not the quality. Have had the jacket for not even two weeks and already pilling around arm and hand area.,Fabric & Material Quality,Product material or durability concern affecting premium brand trust.,15103770,3,https://photos-us.bazaarvoice.com/photo/2/cGhvdG86bHVsdWxlbW9u/b3755425-a5ee-5c4b-8eba-2a7c5d037df0,D:\lululemonvog\data\images\define_jacket_nulu\2_star\245215983_15103770.jpg,False,0,6,True to size
Define Jacket Nulu,define_jacket_nulu,Define_Jacket_Nulu,https://shop.lululemon.com/p/jackets-and-hoodies-jackets/Define-Jacket-Nulu/_/prod11020158?color=75697,Jackets,245360999,1,2025-10-21T15:25:25.000+00:00,Terrible quality,"I bought this sweater less than 2 months ago and have worn it under 3 times. I followed the care instructions exactly, yet the seams are unravelling and it’s pilling like crazy. For nearly $160 in Ontario, Canada, this quality is completely unacceptable. The stitching looks cheap and rushed, and the fabric already feels worn out. I’m genuinely disappointed. Lululemon’s quality has gone downhill, and it’s horrific for this price point.",Fabric & Material Quality,Product material or durability concern affecting premium brand trust.,15181654,1,https://photos-us.bazaarvoice.com/photo/2/cGhvdG86bHVsdWxlbW9u/34ad75c6-3516-5db7-a582-1f624f1fa6c1,D:\lululemonvog\data\images\define_jacket_nulu\1_star\245360999_15181654.jpg,False,1,10,True to size
Define Jacket Nulu,define_jacket_nulu,Define_Jacket_Nulu,https://shop.lululemon.com/p/jackets-and-hoodies-jackets/Define-Jacket-Nulu/_/prod11020158?color=75697,Jackets,245360999,1,2025-10-21T15:25:25.000+00:00,Terrible quality,"I bought this sweater less than 2 months ago and have worn it under 3 times. I followed the care instructions exactly, yet the seams are unravelling and it’s pilling like crazy. For nearly $160 in Ontario, Canada, this quality is completely unacceptable. The stitching looks cheap and rushed, and the fabric already feels worn out. I’m genuinely disappointed. Lululemon’s quality has gone downhill, and it’s horrific for this price point.",Fabric & Material Quality,Product material or durability concern affecting premium brand trust.,15181655,2,https://photos-us.bazaarvoice.com/photo/2/cGhvdG86bHVsdWxlbW9u/ac8eed70-3dd5-5c25-bc29-1b7fe4975ef8,D:\lululemonvog\data\images\define_jacket_nulu\1_star\245360999_15181655.jpg,False,1,10,True to size
Define Jacket Nulu,define_jacket_nulu,Define_Jacket_Nulu,https://shop.lululemon.com/p/jackets-and-hoodies-jackets/Define-Jacket-Nulu/_/prod11020158?color=75697,Jackets,245360999,1,2025-10-21T15:25:25.000+00:00,Terrible quality,"I bought this sweater less than 2 months ago and have worn it under 3 times. I followed the care instructions exactly, yet the seams are unravelling and it’s pilling like crazy. For nearly $160 in Ontario, Canada, this quality is completely unacceptable. The stitching looks cheap and rushed, and the fabric already feels worn out. I’m genuinely disappointed. Lululemon’s quality has gone downhill, and it’s horrific for this price point.",Fabric & Material Quality,Product material or durability concern affecting premium brand trust.,15181656,3,https://photos-us.bazaarvoice.com/photo/2/cGhvdG86bHVsdWxlbW9u/e8adb540-01e4-5b54-a6e5-7171e7d2dc3f,D:\lululemonvog\data\images\define_jacket_nulu\1_star\245360999_15181656.jpg,False,1,10,True to size
Define Jacket Nulu,define_jacket_nulu,Define_Jacket_Nulu,https://shop.lululemon.com/p/jackets-and-hoodies-jackets/Define-Jacket-Nulu/_/prod11020158?color=75697,Jackets,245360999,1,2025-10-21T15:25:25.000+00:00,Terrible quality,"I bought this sweater less than 2 months ago and have worn it under 3 times. I followed the care instructions exactly, yet the seams are unravelling and it’s pilling like crazy. For nearly $160 in Ontario, Canada, this quality is completely unacceptable. The stitching looks cheap and rushed, and the fabric already feels worn out. I’m genuinely disappointed. Lululemon’s quality has gone downhill, and it’s horrific for this price point.",Fabric & Material Quality,Product material or durability concern affecting premium brand trust.,15181657,4,https://photos-us.bazaarvoice.com/photo/2/cGhvdG86bHVsdWxlbW9u/c3d011a5-d717-5e4e-8a4c-bce598ed1c9b,D:\lululemonvog\data\images\define_jacket_nulu\1_star\245360999_15181657.jpg,False,1,10,True to size
Define Jacket Nulu,define_jacket_nulu,Define_Jacket_Nulu,https://shop.lululemon.com/p/jackets-and-hoodies-jackets/Define-Jacket-Nulu/_/prod11020158?color=75697,Jackets,245360999,1,2025-10-21T15:25:25.000+00:00,Terrible quality,"I bought this sweater less than 2 months ago and have worn it under 3 times. I followed the care instructions exactly, yet the seams are unravelling and it’s pilling like crazy. For nearly $160 in Ontario, Canada, this quality is completely unacceptable. The stitching looks cheap and rushed, and the fabric already feels worn out. I’m genuinely disappointed. Lululemon’s quality has gone downhill, and it’s horrific for this price point.",Fabric & Material Quality,Product material or durability concern affecting premium brand trust.,15181658,5,https://photos-us.bazaarvoice.com/photo/2/cGhvdG86bHVsdWxlbW9u/530cbe9f-7a5a-5134-812a-ed5b2e6e9b8d,D:\lululemonvog\data\images\define_jacket_nulu\1_star\245360999_15181658.jpg,False,1,10,True to size
Define Jacket Nulu,define_jacket_nulu,Define_Jacket_Nulu,https://shop.lululemon.com/p/jackets-and-hoodies-jackets/Define-Jacket-Nulu/_/prod11020158?color=75697,Jackets,245360999,1,2025-10-21T15:25:25.000+00:00,Terrible quality,"I bought this sweater less than 2 months ago and have worn it under 3 times. I followed the care instructions exactly, yet the seams are unravelling and it’s pilling like crazy. For nearly $160 in Ontario, Canada, this quality is completely unacceptable. The stitching looks cheap and rushed, and the fabric already feels worn out. I’m genuinely disappointed. Lululemon’s quality has gone downhill, and it’s horrific for this price point.",Fabric & Material Quality,Product material or durability concern affecting premium brand trust.,15181659,6,https://photos-us.bazaarvoice.com/photo/2/cGhvdG86bHVsdWxlbW9u/20afe2aa-36f4-542e-aca6-3e75009955e8,D:\lululemonvog\data\images\define_jacket_nulu\1_star\245360999_15181659.jpg,False,1,10,True to size
Define Jacket Nulu,define_jacket_nulu,Define_Jacket_Nulu,https://shop.lululemon.com/p/jackets-and-hoodies-jackets/Define-Jacket-Nulu/_/prod11020158?color=75697,Jackets,245505307,3,2025-10-28T17:13:31.000+00:00,Disappointed Quality,"I hand washed it with cold water before wearing. This is the water after the third rinse. The length is also unflattering, could be better if it was one inch shorter.",Fabric & Material Quality,Product material or durability concern affecting premium brand trust.,15251231,1,https://photos-us.bazaarvoice.com/photo/2/cGhvdG86bHVsdWxlbW9u/43290562-115a-5367-bd5b-9014928270e0,D:\lululemonvog\data\images\define_jacket_nulu\3_star\245505307_15251231.jpg,False,0,8,Runs a bit large
Define Jacket Nulu,define_jacket_nulu,Define_Jacket_Nulu,https://shop.lululemon.com/p/jackets-and-hoodies-jackets/Define-Jacket-Nulu/_/prod11020158?color=75697,Jackets,245785467,1,2025-11-10T09:42:49.000+00:00,Refund,"I initially got it and the back was pretty messed up I wasn’t expecting it to be so scratched for literally no reason, but I want a refund",Sizing & Fit,Fit expectation mismatch that may increase return risk.,15381842,1,https://photos-us.bazaarvoice.com/photo/2/cGhvdG86bHVsdWxlbW9u/cc9033a6-e2f1-58d8-ba6e-4365926159bd,D:\lululemonvog\data\images\define_jacket_nulu\1_star\245785467_15381842.jpg,False,0,8,True to size
Define Jacket Nulu,define_jacket_nulu,Define_Jacket_Nulu,https://shop.lululemon.com/p/jackets-and-hoodies-jackets/Define-Jacket-Nulu/_/prod11020158?color=75697,Jackets,245785467,1,2025-11-10T09:42:49.000+00:00,Refund,"I initially got it and the back was pretty messed up I wasn’t expecting it to be so scratched for literally no reason, but I want a refund",Sizing & Fit,Fit expectation mismatch that may increase return risk.,15381843,2,https://photos-us.bazaarvoice.com/photo/2/cGhvdG86bHVsdWxlbW9u/6c24b149-ad9e-56a8-9961-7264a263da56,D:\lululemonvog\data\images\define_jacket_nulu\1_star\245785467_15381843.jpg,False,0,8,True to size
Define Jacket Nulu,define_jacket_nulu,Define_Jacket_Nulu,https://shop.lululemon.com/p/jackets-and-hoodies-jackets/Define-Jacket-Nulu/_/prod11020158?color=75697,Jackets,245865363,1,2025-11-13T19:04:15.000+00:00,Expected MUCH better quality for the cost,"Literally have worn it maybe 4 times, 5 max, and the sleeves and the sleeves on the hand/wrist area are already pilling.",Fabric & Material Quality,Product material or durability concern affecting premium brand trust.,15421693,1,https://photos-us.bazaarvoice.com/photo/2/cGhvdG86bHVsdWxlbW9u/f168c66e-8966-5d53-a331-4557024160e9,D:\lululemonvog\data\images\define_jacket_nulu\1_star\245865363_15421693.jpg,False,5,14,True to size
Define Jacket Nulu,define_jacket_nulu,Define_Jacket_Nulu,https://shop.lululemon.com/p/jackets-and-hoodies-jackets/Define-Jacket-Nulu/_/prod11020158?color=75697,Jackets,246220190,2,2025-11-29T15:18:26.000+00:00,I’m disappointed with the quality,"The jacket is beautiful and looks great, I love Lululemon but unfortunately the stitches are already coming apart in this jacket and it keeps getting snagged. I’m disappointed with the quality. I only wore it 3 times",Stitching & Construction,Construction quality issue may undermine perceived craftsmanship.,15567418,1,https://photos-us.bazaarvoice.com/photo/2/cGhvdG86bHVsdWxlbW9u/371c1523-c024-517f-9ac0-835bd98997bd,D:\lululemonvog\data\images\define_jacket_nulu\2_star\246220190_15567418.jpg,False,0,8,Runs a bit small
Define Jacket Nulu,define_jacket_nulu,Define_Jacket_Nulu,https://shop.lululemon.com/p/jackets-and-hoodies-jackets/Define-Jacket-Nulu/_/prod11020158?color=75697,Jackets,246220190,2,2025-11-29T15:18:26.000+00:00,I’m disappointed with the quality,"The jacket is beautiful and looks great, I love Lululemon but unfortunately the stitches are already coming apart in this jacket and it keeps getting snagged. I’m disappointed with the quality. I only wore it 3 times",Stitching & Construction,Construction quality issue may undermine perceived craftsmanship.,15567419,2,https://photos-us.bazaarvoice.com/photo/2/cGhvdG86bHVsdWxlbW9u/62e4729f-259e-545b-95b0-2ce480d5f71c,D:\lululemonvog\data\images\define_jacket_nulu\2_star\246220190_15567419.jpg,False,0,8,Runs a bit small
Define Jacket Nulu,define_jacket_nulu,Define_Jacket_Nulu,https://shop.lululemon.com/p/jackets-and-hoodies-jackets/Define-Jacket-Nulu/_/prod11020158?color=75697,Jackets,246302259,3,2025-12-02T20:39:24.000+00:00,Arrived with stains,"I bought this define jacket online during the Black Friday sale. It was shipped from a store (Red Deer, Alberta) and arrived with several stains. The define jackets are fantastic but it’s incredibly disappointing when you receive a dirty/stained item. It’s especially noticeable on the blush pink. I’m not sure why it was sent looking like that. This was purchased as a Christmas gift for my daughter and I’m glad I looked at it and saw this before wrapping it up!",Product Cleanliness,Fulfillment or inspection quality-control issue.,15598639,1,https://photos-us.bazaarvoice.com/photo/2/cGhvdG86bHVsdWxlbW9u/ea4c84b7-b5b6-5963-94dd-97cda3086948,D:\lululemonvog\data\images\define_jacket_nulu\3_star\246302259_15598639.jpg,False,0,2,True to size
Define Jacket Nulu,define_jacket_nulu,Define_Jacket_Nulu,https://shop.lululemon.com/p/jackets-and-hoodies-jackets/Define-Jacket-Nulu/_/prod11020158?color=75697,Jackets,246302259,3,2025-12-02T20:39:24.000+00:00,Arrived with stains,"I bought this define jacket online during the Black Friday sale. It was shipped from a store (Red Deer, Alberta) and arrived with several stains. The define jackets are fantastic but it’s incredibly disappointing when you receive a dirty/stained item. It’s especially noticeable on the blush pink. I’m not sure why it was sent looking like that. This was purchased as a Christmas gift for my daughter and I’m glad I looked at it and saw this before wrapping it up!",Product Cleanliness,Fulfillment or inspection quality-control issue.,15598640,2,https://photos-us.bazaarvoice.com/photo/2/cGhvdG86bHVsdWxlbW9u/db2543db-695b-584e-88af-0791d5ab58ab,D:\lululemonvog\data\images\define_jacket_nulu\3_star\246302259_15598640.jpg,False,0,2,True to size
Define Jacket Nulu,define_jacket_nulu,Define_Jacket_Nulu,https://shop.lululemon.com/p/jackets-and-hoodies-jackets/Define-Jacket-Nulu/_/prod11020158?color=75697,Jackets,246515883,1,2025-12-10T03:45:42.000+00:00,Stains,My Jacket had stains and it looked used,Sizing & Fit,Fit expectation mismatch that may increase return risk.,15677931,1,https://photos-us.bazaarvoice.com/photo/2/cGhvdG86bHVsdWxlbW9u/241143c9-1eae-5042-bd92-6f79e780d875,D:\lululemonvog\data\images\define_jacket_nulu\1_star\246515883_15677931.jpg,False,4,8,True to size
Define Jacket Nulu,define_jacket_nulu,Define_Jacket_Nulu,https://shop.lululemon.com/p/jackets-and-hoodies-jackets/Define-Jacket-Nulu/_/prod11020158?color=75697,Jackets,246515883,1,2025-12-10T03:45:42.000+00:00,Stains,My Jacket had stains and it looked used,Sizing & Fit,Fit expectation mismatch that may increase return risk.,15677932,2,https://photos-us.bazaarvoice.com/photo/2/cGhvdG86bHVsdWxlbW9u/08bc3baf-94f3-5eab-9518-c130db16a9d0,D:\lululemonvog\data\images\define_jacket_nulu\1_star\246515883_15677932.jpg,False,4,8,True to size
Define Jacket Nulu,define_jacket_nulu,Define_Jacket_Nulu,https://shop.lululemon.com/p/jackets-and-hoodies-jackets/Define-Jacket-Nulu/_/prod11020158?color=75697,Jackets,246602692,2,2025-12-13T13:12:59.000+00:00,okay quality,when i received this jacket i was so excited i got a size 0 and it fits perfectly. but i started to notice around the wrists the stitching is coming unraveled which is very upsetting since ive only worn it a few times,Sizing & Fit,Fit expectation mismatch that may increase return risk.,15714058,1,https://photos-us.bazaarvoice.com/photo/2/cGhvdG86bHVsdWxlbW9u/6af3acce-ddba-5ad9-b538-1a6980f4b793,D:\lululemonvog\data\images\define_jacket_nulu\2_star\246602692_15714058.jpg,False,0,0,True to size
Define Jacket Nulu,define_jacket_nulu,Define_Jacket_Nulu,https://shop.lululemon.com/p/jackets-and-hoodies-jackets/Define-Jacket-Nulu/_/prod11020158?color=75697,Jackets,246768827,1,2025-12-19T18:23:15.000+00:00,Save your money,Fabric lint balls started along the zipper after 2 wears & I hadn’t even washed it yet.,Fabric & Material Quality,Product material or durability concern affecting premium brand trust.,15777454,1,https://photos-us.bazaarvoice.com/photo/2/cGhvdG86bHVsdWxlbW9u/eb867a09-06ad-53d5-82f9-68f8df46a8e9,D:\lululemonvog\data\images\define_jacket_nulu\1_star\246768827_15777454.jpg,False,2,6,True to size
Define Jacket Nulu,define_jacket_nulu,Define_Jacket_Nulu,https://shop.lululemon.com/p/jackets-and-hoodies-jackets/Define-Jacket-Nulu/_/prod11020158?color=75697,Jackets,246847400,1,2025-12-22T22:47:16.000+00:00,Disappointed,Very disappointed in the quality. I love lulu and have many pieces. I bought this jacket during Black Friday week sale and ware it 5 times and it looks like this,Sizing & Fit,Fit expectation mismatch that may increase return risk.,15808966,1,https://photos-us.bazaarvoice.com/photo/2/cGhvdG86bHVsdWxlbW9u/4f19b32b-1a4e-5a25-8dd6-9e60800de682,D:\lululemonvog\data\images\define_jacket_nulu\1_star\246847400_15808966.jpg,False,3,Small,True to size
Define Jacket Nulu,define_jacket_nulu,Define_Jacket_Nulu,https://shop.lululemon.com/p/jackets-and-hoodies-jackets/Define-Jacket-Nulu/_/prod11020158?color=75697,Jackets,246847400,1,2025-12-22T22:47:16.000+00:00,Disappointed,Very disappointed in the quality. I love lulu and have many pieces. I bought this jacket during Black Friday week sale and ware it 5 times and it looks like this,Sizing & Fit,Fit expectation mismatch that may increase return risk.,15808967,2,https://photos-us.bazaarvoice.com/photo/2/cGhvdG86bHVsdWxlbW9u/b69eb3ba-ef06-549e-8a49-235d1d6b2832,D:\lululemonvog\data\images\define_jacket_nulu\1_star\246847400_15808967.jpg,False,3,Small,True to size
Define Jacket Nulu,define_jacket_nulu,Define_Jacket_Nulu,https://shop.lululemon.com/p/jackets-and-hoodies-jackets/Define-Jacket-Nulu/_/prod11020158?color=75697,Jackets,246921588,1,2025-12-26T06:15:04.000+00:00,Poor stitching,After a few wears like about 2-3 the stitching sucks and is coming out on the sleeves it’s giving low quality for something that’s 130 dollars,Sizing & Fit,Fit expectation mismatch that may increase return risk.,15839648,1,https://photos-us.bazaarvoice.com/photo/2/cGhvdG86bHVsdWxlbW9u/f10c3f02-7b7c-55b8-a6d7-d19143dd4cf8,D:\lululemonvog\data\images\define_jacket_nulu\1_star\246921588_15839648.jpg,False,5,14,True to size
Define Jacket Nulu,define_jacket_nulu,Define_Jacket_Nulu,https://shop.lululemon.com/p/jackets-and-hoodies-jackets/Define-Jacket-Nulu/_/prod11020158?color=75697,Jackets,246931850,1,2025-12-26T17:49:55.000+00:00,Jacket,I loved the jacket but when it was opened by my daughter Christmas morning it had black stains all over the front of it,Sizing & Fit,Fit expectation mismatch that may increase return risk.,15843114,1,https://photos-us.bazaarvoice.com/photo/2/cGhvdG86bHVsdWxlbW9u/bd6cf866-74b3-5428-82df-2dfd8c369654,D:\lululemonvog\data\images\define_jacket_nulu\1_star\246931850_15843114.jpg,False,4,0,Runs small
Define Jacket Nulu,define_jacket_nulu,Define_Jacket_Nulu,https://shop.lululemon.com/p/jackets-and-hoodies-jackets/Define-Jacket-Nulu/_/prod11020158?color=75697,Jackets,246931850,1,2025-12-26T17:49:55.000+00:00,Jacket,I loved the jacket but when it was opened by my daughter Christmas morning it had black stains all over the front of it,Sizing & Fit,Fit expectation mismatch that may increase return risk.,15843115,2,https://photos-us.bazaarvoice.com/photo/2/cGhvdG86bHVsdWxlbW9u/c0fb5208-810e-5d46-b1d1-6ec7423af9d0,D:\lululemonvog\data\images\define_jacket_nulu\1_star\246931850_15843115.jpg,False,4,0,Runs small
Define Jacket Nulu,define_jacket_nulu,Define_Jacket_Nulu,https://shop.lululemon.com/p/jackets-and-hoodies-jackets/Define-Jacket-Nulu/_/prod11020158?color=75697,Jackets,246931850,1,2025-12-26T17:49:55.000+00:00,Jacket,I loved the jacket but when it was opened by my daughter Christmas morning it had black stains all over the front of it,Sizing & Fit,Fit expectation mismatch that may increase return risk.,15843116,3,https://photos-us.bazaarvoice.com/photo/2/cGhvdG86bHVsdWxlbW9u/52eb2882-9ac2-5eb9-9997-25571d6254fb,D:\lululemonvog\data\images\define_jacket_nulu\1_star\246931850_15843116.jpg,False,4,0,Runs small
Define Jacket Nulu,define_jacket_nulu,Define_Jacket_Nulu,https://shop.lululemon.com/p/jackets-and-hoodies-jackets/Define-Jacket-Nulu/_/prod11020158?color=75697,Jackets,246938191,1,2025-12-26T21:32:10.000+00:00,"Pilling on 2nd wear, not washed yet","The jacket is beautiful but on my 2nd wear, it was already pilling and I hadn't even washed it yet. Super disappointed because this is not cheap.",Fabric & Material Quality,Product material or durability concern affecting premium brand trust.,15845619,1,https://photos-us.bazaarvoice.com/photo/2/cGhvdG86bHVsdWxlbW9u/144718e8-ef24-5269-a3e7-c38b702f3033,D:\lululemonvog\data\images\define_jacket_nulu\1_star\246938191_15845619.jpg,False,3,M,True to size
Define Jacket Nulu,define_jacket_nulu,Define_Jacket_Nulu,https://shop.lululemon.com/p/jackets-and-hoodies-jackets/Define-Jacket-Nulu/_/prod11020158?color=75697,Jackets,247028482,1,2025-12-29T20:03:14.000+00:00,Not worth it,"Paid $120 for the jacket before Christmas for it to go on sale for $85 a week later. More importantly, the stitching in the sleeves is terribly made and is already coming undone after wearing it once.",Sizing & Fit,Fit expectation mismatch that may increase return risk.,15879258,1,https://photos-us.bazaarvoice.com/photo/2/cGhvdG86bHVsdWxlbW9u/3e12591a-fc1d-5e3e-9aa8-602f9b91b917,D:\lululemonvog\data\images\define_jacket_nulu\1_star\247028482_15879258.jpg,False,4,S,True to size
Define Jacket Nulu,define_jacket_nulu,Define_Jacket_Nulu,https://shop.lululemon.com/p/jackets-and-hoodies-jackets/Define-Jacket-Nulu/_/prod11020158?color=75697,Jackets,247028482,1,2025-12-29T20:03:14.000+00:00,Not worth it,"Paid $120 for the jacket before Christmas for it to go on sale for $85 a week later. More importantly, the stitching in the sleeves is terribly made and is already coming undone after wearing it once.",Sizing & Fit,Fit expectation mismatch that may increase return risk.,15879259,2,https://photos-us.bazaarvoice.com/photo/2/cGhvdG86bHVsdWxlbW9u/dc71df77-c23b-58e7-a3fa-87c1e74dfabf,D:\lululemonvog\data\images\define_jacket_nulu\1_star\247028482_15879259.jpg,False,4,S,True to size
Define Jacket Nulu,define_jacket_nulu,Define_Jacket_Nulu,https://shop.lululemon.com/p/jackets-and-hoodies-jackets/Define-Jacket-Nulu/_/prod11020158?color=75697,Jackets,247028482,1,2025-12-29T20:03:14.000+00:00,Not worth it,"Paid $120 for the jacket before Christmas for it to go on sale for $85 a week later. More importantly, the stitching in the sleeves is terribly made and is already coming undone after wearing it once.",Sizing & Fit,Fit expectation mismatch that may increase return risk.,15879260,3,https://photos-us.bazaarvoice.com/photo/2/cGhvdG86bHVsdWxlbW9u/2b6e33cc-25c4-5ddd-b054-112d5d8422ef,D:\lululemonvog\data\images\define_jacket_nulu\1_star\247028482_15879260.jpg,False,4,S,True to size
Define Jacket Nulu,define_jacket_nulu,Define_Jacket_Nulu,https://shop.lululemon.com/p/jackets-and-hoodies-jackets/Define-Jacket-Nulu/_/prod11020158?color=75697,Jackets,247028482,1,2025-12-29T20:03:14.000+00:00,Not worth it,"Paid $120 for the jacket before Christmas for it to go on sale for $85 a week later. More importantly, the stitching in the sleeves is terribly made and is already coming undone after wearing it once.",Sizing & Fit,Fit expectation mismatch that may increase return risk.,15879261,4,https://photos-us.bazaarvoice.com/photo/2/cGhvdG86bHVsdWxlbW9u/29ff9824-a2ec-5389-8e9b-ec443bccad36,D:\lululemonvog\data\images\define_jacket_nulu\1_star\247028482_15879261.jpg,False,4,S,True to size
Define Jacket Nulu,define_jacket_nulu,Define_Jacket_Nulu,https://shop.lululemon.com/p/jackets-and-hoodies-jackets/Define-Jacket-Nulu/_/prod11020158?color=75697,Jackets,247089253,3,2025-12-31T17:59:27.000+00:00,Not the same color,"The grey blue multi haze looks bright teal, with greys blues and green tones in the photo but arrived dull and grey only. Not like the photo at all, same with the leggings.",Sizing & Fit,Fit expectation mismatch that may increase return risk.,15908224,1,https://photos-us.bazaarvoice.com/photo/2/cGhvdG86bHVsdWxlbW9u/af8cf223-474b-523e-8199-51c86cc73bed,D:\lululemonvog\data\images\define_jacket_nulu\3_star\247089253_15908224.jpg,False,1,6,True to size
Define Jacket Nulu,define_jacket_nulu,Define_Jacket_Nulu,https://shop.lululemon.com/p/jackets-and-hoodies-jackets/Define-Jacket-Nulu/_/prod11020158?color=75697,Jackets,247573831,1,2026-01-19T17:27:02.000+00:00,Dirty,I received my define jacket that was clearly worn with deodorant stains in the armpit area. For as expensive as this product is they could at least make sure the garment is clean before reselling it.,Product Cleanliness,Fulfillment or inspection quality-control issue.,16102592,1,https://photos-us.bazaarvoice.com/photo/2/cGhvdG86bHVsdWxlbW9u/4fbcc9b1-cedc-533c-96f9-78a709feeab3,D:\lululemonvog\data\images\define_jacket_nulu\1_star\247573831_16102592.jpg,False,3,,True to size
Define Jacket Nulu,define_jacket_nulu,Define_Jacket_Nulu,https://shop.lululemon.com/p/jackets-and-hoodies-jackets/Define-Jacket-Nulu/_/prod11020158?color=75697,Jackets,247573831,1,2026-01-19T17:27:02.000+00:00,Dirty,I received my define jacket that was clearly worn with deodorant stains in the armpit area. For as expensive as this product is they could at least make sure the garment is clean before reselling it.,Product Cleanliness,Fulfillment or inspection quality-control issue.,16102593,2,https://photos-us.bazaarvoice.com/photo/2/cGhvdG86bHVsdWxlbW9u/8d435e9e-7a33-51bd-a988-2e63239fb3c5,D:\lululemonvog\data\images\define_jacket_nulu\1_star\247573831_16102593.jpg,False,3,,True to size
Define Jacket Nulu,define_jacket_nulu,Define_Jacket_Nulu,https://shop.lululemon.com/p/jackets-and-hoodies-jackets/Define-Jacket-Nulu/_/prod11020158?color=75697,Jackets,247573831,1,2026-01-19T17:27:02.000+00:00,Dirty,I received my define jacket that was clearly worn with deodorant stains in the armpit area. For as expensive as this product is they could at least make sure the garment is clean before reselling it.,Product Cleanliness,Fulfillment or inspection quality-control issue.,16102594,3,https://photos-us.bazaarvoice.com/photo/2/cGhvdG86bHVsdWxlbW9u/1ade0628-8bb0-543b-bf4a-4d80b46f7bcc,D:\lululemonvog\data\images\define_jacket_nulu\1_star\247573831_16102594.jpg,False,3,,True to size
Define Jacket Nulu,define_jacket_nulu,Define_Jacket_Nulu,https://shop.lululemon.com/p/jackets-and-hoodies-jackets/Define-Jacket-Nulu/_/prod11020158?color=75697,Jackets,247576168,3,2026-01-19T20:41:24.000+00:00,Color faded in one wash,I LOVEDDDD the color of this in the store so I bought it. I washed it ONE TIME with nothing else colored and the color completely faded away and it looks completely different,Sizing & Fit,Fit expectation mismatch that may increase return risk.,16103927,1,https://photos-us.bazaarvoice.com/photo/2/cGhvdG86bHVsdWxlbW9u/fec82ad1-1933-5aef-9734-ffa146f4f243,D:\lululemonvog\data\images\define_jacket_nulu\3_star\247576168_16103927.jpg,False,1,4,True to size
Define Jacket Nulu,define_jacket_nulu,Define_Jacket_Nulu,https://shop.lululemon.com/p/jackets-and-hoodies-jackets/Define-Jacket-Nulu/_/prod11020158?color=75697,Jackets,247802047,1,2026-01-30T00:58:12.000+00:00,Quality is sadly going downhill,Poor quality. Fabric pilled after one wear running errands.,Fabric & Material Quality,Product material or durability concern affecting premium brand trust.,16208965,1,https://photos-us.bazaarvoice.com/photo/2/cGhvdG86bHVsdWxlbW9u/11966656-4000-5064-b9a9-327a0498465d,D:\lululemonvog\data\images\define_jacket_nulu\1_star\247802047_16208965.jpg,False,3,6,True to size
Define Jacket Nulu,define_jacket_nulu,Define_Jacket_Nulu,https://shop.lululemon.com/p/jackets-and-hoodies-jackets/Define-Jacket-Nulu/_/prod11020158?color=75697,Jackets,247856075,1,2026-02-01T19:30:15.000+00:00,Increasingly poor quality,"I don’t know where the good old Lululemon went. Just bought this jacket on Dec 30, barely a month and two wears, zipper is broken and gone. My daughter absolutely love the jacket, and so upset it is so short lived. USed to be a big fan, guess that feeling is gradually gone. Very concerning the quality went downhill so fast",Zipper Issues,Functional closure failure suggests a product reliability risk.,16229978,1,https://photos-us.bazaarvoice.com/photo/2/cGhvdG86bHVsdWxlbW9u/d918a125-a906-5db0-a87c-9f0d2968aa6c,D:\lululemonvog\data\images\define_jacket_nulu\1_star\247856075_16229978.jpg,False,1,4,Runs a bit small
Define Jacket Nulu,define_jacket_nulu,Define_Jacket_Nulu,https://shop.lululemon.com/p/jackets-and-hoodies-jackets/Define-Jacket-Nulu/_/prod11020158?color=75697,Jackets,247856075,1,2026-02-01T19:30:15.000+00:00,Increasingly poor quality,"I don’t know where the good old Lululemon went. Just bought this jacket on Dec 30, barely a month and two wears, zipper is broken and gone. My daughter absolutely love the jacket, and so upset it is so short lived. USed to be a big fan, guess that feeling is gradually gone. Very concerning the quality went downhill so fast",Zipper Issues,Functional closure failure suggests a product reliability risk.,16229979,2,https://photos-us.bazaarvoice.com/photo/2/cGhvdG86bHVsdWxlbW9u/5be89c4a-2203-533b-a7b2-9ebb7f049d0d,D:\lululemonvog\data\images\define_jacket_nulu\1_star\247856075_16229979.jpg,False,1,4,Runs a bit small
Define Jacket Nulu,define_jacket_nulu,Define_Jacket_Nulu,https://shop.lululemon.com/p/jackets-and-hoodies-jackets/Define-Jacket-Nulu/_/prod11020158?color=75697,Jackets,247856314,1,2026-02-01T19:44:31.000+00:00,Super poor quality and disappointed,"Bought this jacket for my daughter on dec 30, barely a month and two wears, zipper is broken and gone. Where did the good old Lululemon went. The quality is just going downhill so fast, my daughter is extremely upset as she likes the jacket so much.",Zipper Issues,Functional closure failure suggests a product reliability risk.,16230084,1,https://photos-us.bazaarvoice.com/photo/2/cGhvdG86bHVsdWxlbW9u/39f15cd7-a359-5ec7-a326-7a051cc41dd6,D:\lululemonvog\data\images\define_jacket_nulu\1_star\247856314_16230084.jpg,False,3,4,Runs a bit small
Define Jacket Nulu,define_jacket_nulu,Define_Jacket_Nulu,https://shop.lululemon.com/p/jackets-and-hoodies-jackets/Define-Jacket-Nulu/_/prod11020158?color=75697,Jackets,247856314,1,2026-02-01T19:44:31.000+00:00,Super poor quality and disappointed,"Bought this jacket for my daughter on dec 30, barely a month and two wears, zipper is broken and gone. Where did the good old Lululemon went. The quality is just going downhill so fast, my daughter is extremely upset as she likes the jacket so much.",Zipper Issues,Functional closure failure suggests a product reliability risk.,16230085,2,https://photos-us.bazaarvoice.com/photo/2/cGhvdG86bHVsdWxlbW9u/3f93dd7c-4abc-50a9-96b1-22f092253e5d,D:\lululemonvog\data\images\define_jacket_nulu\1_star\247856314_16230085.jpg,False,3,4,Runs a bit small
Define Jacket Nulu,define_jacket_nulu,Define_Jacket_Nulu,https://shop.lululemon.com/p/jackets-and-hoodies-jackets/Define-Jacket-Nulu/_/prod11020158?color=75697,Jackets,247942949,3,2026-02-06T02:27:43.000+00:00,Color,"The color doesn’t match, the website photos, it looks pink , but, is more in the purple side, so i had to return it, it feels great, and is true size. Is just the color that i didn’t like",Color & Product Description,Mismatch between expectation and product presentation may reduce purchase confidence.,16265617,1,https://photos-us.bazaarvoice.com/photo/2/cGhvdG86bHVsdWxlbW9u/995f7528-c828-5e15-8de6-07b747f77a4a,D:\lululemonvog\data\images\define_jacket_nulu\3_star\247942949_16265617.jpg,False,0,8,True to size
Define Jacket Nulu,define_jacket_nulu,Define_Jacket_Nulu,https://shop.lululemon.com/p/jackets-and-hoodies-jackets/Define-Jacket-Nulu/_/prod11020158?color=75697,Jackets,248069958,1,2026-02-12T17:20:55.000+00:00,Disappointed,I brought my lululemon and only wore it twice but the fabric is already peeling. For the price this quality is unacceptable. Never buying here agan,Fabric & Material Quality,Product material or durability concern affecting premium brand trust.,16321977,1,https://photos-us.bazaarvoice.com/photo/2/cGhvdG86bHVsdWxlbW9u/6c990fdd-0ac5-51a1-bb87-90a7cbb7cd27,D:\lululemonvog\data\images\define_jacket_nulu\1_star\248069958_16321977.jpg,False,3,4,True to size
Define Jacket Nulu,define_jacket_nulu,Define_Jacket_Nulu,https://shop.lululemon.com/p/jackets-and-hoodies-jackets/Define-Jacket-Nulu/_/prod11020158?color=75697,Jackets,248508343,3,2026-03-02T18:47:23.000+00:00,Not pink,"I ordered porcelain pink, the product i received looks likes lilac. I really wanted the color that was in the picture and received another color.",Color & Product Description,Mismatch between expectation and product presentation may reduce purchase confidence.,16491538,1,https://photos-us.bazaarvoice.com/photo/2/cGhvdG86bHVsdWxlbW9u/deea85ee-973e-5736-aeab-f7d0247d7150,D:\lululemonvog\data\images\define_jacket_nulu\3_star\248508343_16491538.jpg,False,0,10,True to size
Define Jacket Nulu,define_jacket_nulu,Define_Jacket_Nulu,https://shop.lululemon.com/p/jackets-and-hoodies-jackets/Define-Jacket-Nulu/_/prod11020158?color=75697,Jackets,248511680,2,2026-03-02T21:32:07.000+00:00,Porcelain pink is not pink,I am disappointed because the color is nothing like the photo on the model and this is not pink. If anything it’s a muted purple/gray. It’s not pink whatsoever and very misleading. And this was a final sale so I could not return it for money back.,Color & Product Description,Mismatch between expectation and product presentation may reduce purchase confidence.,16493574,1,https://photos-us.bazaarvoice.com/photo/2/cGhvdG86bHVsdWxlbW9u/aa73a978-ed70-552a-b994-8715d664f59f,D:\lululemonvog\data\images\define_jacket_nulu\2_star\248511680_16493574.jpg,False,0,4,True to size
Define Jacket Nulu,define_jacket_nulu,Define_Jacket_Nulu,https://shop.lululemon.com/p/jackets-and-hoodies-jackets/Define-Jacket-Nulu/_/prod11020158?color=75697,Jackets,248532713,1,2026-03-03T22:04:55.000+00:00,2/10,I rate the color a 2/10 because it’s nowhere near the color that’s showing on the site I contacted them about it,Sizing & Fit,Fit expectation mismatch that may increase return risk.,16511409,1,https://photos-us.bazaarvoice.com/photo/2/cGhvdG86bHVsdWxlbW9u/5a101607-f8da-50a8-95f5-283de5824e5c,D:\lululemonvog\data\images\define_jacket_nulu\1_star\248532713_16511409.jpg,False,2,4,True to size
Define Jacket Nulu,define_jacket_nulu,Define_Jacket_Nulu,https://shop.lululemon.com/p/jackets-and-hoodies-jackets/Define-Jacket-Nulu/_/prod11020158?color=75697,Jackets,248532782,1,2026-03-03T22:08:19.000+00:00,Not true color,I reached out to the company about the color not looking no where similar to the photo on the site and they brushed me off saying it’s the lighting I also received my item already opened and unfolded which has never happened when shopping with them and they basically said nothing,Sizing & Fit,Fit expectation mismatch that may increase return risk.,16511524,1,https://photos-us.bazaarvoice.com/photo/2/cGhvdG86bHVsdWxlbW9u/42b37588-196d-5b6f-b569-1f828952b0bb,D:\lululemonvog\data\images\define_jacket_nulu\1_star\248532782_16511524.jpg,False,1,4,True to size
Define Jacket Nulu,define_jacket_nulu,Define_Jacket_Nulu,https://shop.lululemon.com/p/jackets-and-hoodies-jackets/Define-Jacket-Nulu/_/prod11020158?color=75697,Jackets,248606016,2,2026-03-07T18:42:33.000+00:00,Color,The color is not what is shown in the photo. It’s like a light grayish pink. But if that’s what you want then get it,Color & Product Description,Mismatch between expectation and product presentation may reduce purchase confidence.,16556025,1,https://photos-us.bazaarvoice.com/photo/2/cGhvdG86bHVsdWxlbW9u/1d46fc31-365c-5d52-ba40-4e6a4775788a,D:\lululemonvog\data\images\define_jacket_nulu\2_star\248606016_16556025.jpg,False,0,8,Runs a bit large
Define Jacket Nulu,define_jacket_nulu,Define_Jacket_Nulu,https://shop.lululemon.com/p/jackets-and-hoodies-jackets/Define-Jacket-Nulu/_/prod11020158?color=75697,Jackets,248628878,1,2026-03-08T19:54:24.000+00:00,!,I initially fell in love with this set because I thought it was going to be like a teal color and I had I was looking for a nice spring summer jacket when I received a jacket the jacket was a forest green I do not believe I have to explain any further .,Sizing & Fit,Fit expectation mismatch that may increase return risk.,16568465,1,https://photos-us.bazaarvoice.com/photo/2/cGhvdG86bHVsdWxlbW9u/67a8f825-6dec-500b-99c0-8a9e483050bd,D:\lululemonvog\data\images\define_jacket_nulu\1_star\248628878_16568465.jpg,False,2,4,True to size
Define Jacket Nulu,define_jacket_nulu,Define_Jacket_Nulu,https://shop.lululemon.com/p/jackets-and-hoodies-jackets/Define-Jacket-Nulu/_/prod11020158?color=75697,Jackets,248649610,3,2026-03-09T17:44:30.000+00:00,Good but not perfect,"I love my new Define jacket and wear it frequently, however if the details and quality could improve a little would be even better",Fabric & Material Quality,Product material or durability concern affecting premium brand trust.,16579888,1,https://photos-us.bazaarvoice.com/photo/2/cGhvdG86bHVsdWxlbW9u/3c9592b8-fca6-537c-9340-b94802698375,D:\lululemonvog\data\images\define_jacket_nulu\3_star\248649610_16579888.jpg,False,0,2,Runs a bit small
Define Jacket Nulu,define_jacket_nulu,Define_Jacket_Nulu,https://shop.lululemon.com/p/jackets-and-hoodies-jackets/Define-Jacket-Nulu/_/prod11020158?color=75697,Jackets,248760321,2,2026-03-14T15:54:02.000+00:00,Not even close to color advertised,I was expecting a pale baby pink as in picture. Color is not even close. It’s more a dusty pale purple. Very disappointed,Color & Product Description,Mismatch between expectation and product presentation may reduce purchase confidence.,16649202,1,https://photos-us.bazaarvoice.com/photo/2/cGhvdG86bHVsdWxlbW9u/26f55815-a53c-5513-b75c-4c18c71fe4c3,D:\lululemonvog\data\images\define_jacket_nulu\2_star\248760321_16649202.jpg,False,0,8,True to size
Define Jacket Nulu,define_jacket_nulu,Define_Jacket_Nulu,https://shop.lululemon.com/p/jackets-and-hoodies-jackets/Define-Jacket-Nulu/_/prod11020158?color=75697,Jackets,248976409,1,2026-03-24T04:26:57.000+00:00,Horrible material,"Washed my jacket twice and it looks like it’s 5 years old. Washed it accordingly, on delicate with all of my lulu stuff no drying",Sizing & Fit,Fit expectation mismatch that may increase return risk.,16752919,1,https://photos-us.bazaarvoice.com/photo/2/cGhvdG86bHVsdWxlbW9u/ae075863-33c2-51af-ad3a-a56dea20c653,D:\lululemonvog\data\images\define_jacket_nulu\1_star\248976409_16752919.jpg,False,1,8,True to size
Define Jacket Nulu,define_jacket_nulu,Define_Jacket_Nulu,https://shop.lululemon.com/p/jackets-and-hoodies-jackets/Define-Jacket-Nulu/_/prod11020158?color=75697,Jackets,248976409,1,2026-03-24T04:26:57.000+00:00,Horrible material,"Washed my jacket twice and it looks like it’s 5 years old. Washed it accordingly, on delicate with all of my lulu stuff no drying",Sizing & Fit,Fit expectation mismatch that may increase return risk.,16752920,2,https://photos-us.bazaarvoice.com/photo/2/cGhvdG86bHVsdWxlbW9u/a079d70e-0300-5707-8693-1ca64f37198a,D:\lululemonvog\data\images\define_jacket_nulu\1_star\248976409_16752920.jpg,False,1,8,True to size
Define Jacket Nulu,define_jacket_nulu,Define_Jacket_Nulu,https://shop.lululemon.com/p/jackets-and-hoodies-jackets/Define-Jacket-Nulu/_/prod11020158?color=75697,Jackets,248976409,1,2026-03-24T04:26:57.000+00:00,Horrible material,"Washed my jacket twice and it looks like it’s 5 years old. Washed it accordingly, on delicate with all of my lulu stuff no drying",Sizing & Fit,Fit expectation mismatch that may increase return risk.,16752921,3,https://photos-us.bazaarvoice.com/photo/2/cGhvdG86bHVsdWxlbW9u/47d9d084-1838-5086-8dce-1f07f53e0ad3,D:\lululemonvog\data\images\define_jacket_nulu\1_star\248976409_16752921.jpg,False,1,8,True to size
Define Jacket Nulu,define_jacket_nulu,Define_Jacket_Nulu,https://shop.lululemon.com/p/jackets-and-hoodies-jackets/Define-Jacket-Nulu/_/prod11020158?color=75697,Jackets,248976409,1,2026-03-24T04:26:57.000+00:00,Horrible material,"Washed my jacket twice and it looks like it’s 5 years old. Washed it accordingly, on delicate with all of my lulu stuff no drying",Sizing & Fit,Fit expectation mismatch that may increase return risk.,16752922,4,https://photos-us.bazaarvoice.com/photo/2/cGhvdG86bHVsdWxlbW9u/cf4e5a46-b7a5-5513-805e-a4309f7b6054,D:\lululemonvog\data\images\define_jacket_nulu\1_star\248976409_16752922.jpg,False,1,8,True to size
Define Jacket Nulu,define_jacket_nulu,Define_Jacket_Nulu,https://shop.lululemon.com/p/jackets-and-hoodies-jackets/Define-Jacket-Nulu/_/prod11020158?color=75697,Jackets,248976409,1,2026-03-24T04:26:57.000+00:00,Horrible material,"Washed my jacket twice and it looks like it’s 5 years old. Washed it accordingly, on delicate with all of my lulu stuff no drying",Sizing & Fit,Fit expectation mismatch that may increase return risk.,16752923,5,https://photos-us.bazaarvoice.com/photo/2/cGhvdG86bHVsdWxlbW9u/75fc42d3-0712-57df-9866-53536adf9db5,D:\lululemonvog\data\images\define_jacket_nulu\1_star\248976409_16752923.jpg,False,1,8,True to size
Define Jacket Nulu,define_jacket_nulu,Define_Jacket_Nulu,https://shop.lululemon.com/p/jackets-and-hoodies-jackets/Define-Jacket-Nulu/_/prod11020158?color=75697,Jackets,248998023,1,2026-03-25T03:14:19.000+00:00,Recieved broken product,"See attached photos for reference; I contacted customer service via email, got one response, I replied by sending them photos in the follow up email, but no response afterwards. It’s almost been a week. I’ve sent another follow up email, again, no response. The broken zipper does not work at all. I will reconsider if I would like to continue my future purchase with Lulu or switch to another brand.",Customer Service,Support or resolution issue affecting trust and loyalty.,16762787,1,https://photos-us.bazaarvoice.com/photo/2/cGhvdG86bHVsdWxlbW9u/440c23dc-00ec-5ff5-8ae1-1e7f8a932cc5,D:\lululemonvog\data\images\define_jacket_nulu\1_star\248998023_16762787.jpg,False,1,14,True to size
Define Jacket Nulu,define_jacket_nulu,Define_Jacket_Nulu,https://shop.lululemon.com/p/jackets-and-hoodies-jackets/Define-Jacket-Nulu/_/prod11020158?color=75697,Jackets,248998023,1,2026-03-25T03:14:19.000+00:00,Recieved broken product,"See attached photos for reference; I contacted customer service via email, got one response, I replied by sending them photos in the follow up email, but no response afterwards. It’s almost been a week. I’ve sent another follow up email, again, no response. The broken zipper does not work at all. I will reconsider if I would like to continue my future purchase with Lulu or switch to another brand.",Customer Service,Support or resolution issue affecting trust and loyalty.,16762788,2,https://photos-us.bazaarvoice.com/photo/2/cGhvdG86bHVsdWxlbW9u/33267599-921e-5f9a-b5aa-0abe4479f25f,D:\lululemonvog\data\images\define_jacket_nulu\1_star\248998023_16762788.jpg,False,1,14,True to size
Define Jacket Nulu,define_jacket_nulu,Define_Jacket_Nulu,https://shop.lululemon.com/p/jackets-and-hoodies-jackets/Define-Jacket-Nulu/_/prod11020158?color=75697,Jackets,248998023,1,2026-03-25T03:14:19.000+00:00,Recieved broken product,"See attached photos for reference; I contacted customer service via email, got one response, I replied by sending them photos in the follow up email, but no response afterwards. It’s almost been a week. I’ve sent another follow up email, again, no response. The broken zipper does not work at all. I will reconsider if I would like to continue my future purchase with Lulu or switch to another brand.",Customer Service,Support or resolution issue affecting trust and loyalty.,16762789,3,https://photos-us.bazaarvoice.com/photo/2/cGhvdG86bHVsdWxlbW9u/6d82d4f5-eaf7-5918-a6dd-37c18c9a4aa3,D:\lululemonvog\data\images\define_jacket_nulu\1_star\248998023_16762789.jpg,False,1,14,True to size
Define Jacket Nulu,define_jacket_nulu,Define_Jacket_Nulu,https://shop.lululemon.com/p/jackets-and-hoodies-jackets/Define-Jacket-Nulu/_/prod11020158?color=75697,Jackets,249088452,1,2026-03-29T04:50:09.000+00:00,Porcelain pink is not pink,"I ordered porcelain pink, it’s not pink it’s light purple and it also looks nothing like any of the photos that are posted",Color & Product Description,Mismatch between expectation and product presentation may reduce purchase confidence.,16803634,1,https://photos-us.bazaarvoice.com/photo/2/cGhvdG86bHVsdWxlbW9u/b93a589f-da7d-5eb7-8432-f6f16e2417b6,D:\lululemonvog\data\images\define_jacket_nulu\1_star\249088452_16803634.jpg,False,1,4,True to size
Define Jacket Nulu,define_jacket_nulu,Define_Jacket_Nulu,https://shop.lululemon.com/p/jackets-and-hoodies-jackets/Define-Jacket-Nulu/_/prod11020158?color=75697,Jackets,249095362,3,2026-03-29T16:50:10.000+00:00,Comfy but Not What I Expected,"I ordered this jacket in “Porcelain Pink” as it was on sale and the color was cute. Unfortunately, the color is not as pictured—the picture looks like a soft petal pink, but is undeniably pink; the product I received has more of a purple/mauve tone. It’s still very pretty, but I feel the picture is the listing is misleading. Additionally, I have only worn the item once in the week that I’ve had it (and haven’t even washed it yet), but the fabric on the left breast is already pilling and has a patchy texture. Despite the misleading picture, I’m satisfied with the lilac-ish color of the product, and I find it to be just as comfortable and soft as my other define jackets, but I’m just disappointed that this product isn’t holding up well.",Color & Product Description,Mismatch between expectation and product presentation may reduce purchase confidence.,16806210,1,https://photos-us.bazaarvoice.com/photo/2/cGhvdG86bHVsdWxlbW9u/8e62a069-d696-5c24-8eb5-264decfe7cd4,D:\lululemonvog\data\images\define_jacket_nulu\3_star\249095362_16806210.jpg,False,1,4,Runs a bit large
Define Jacket Nulu,define_jacket_nulu,Define_Jacket_Nulu,https://shop.lululemon.com/p/jackets-and-hoodies-jackets/Define-Jacket-Nulu/_/prod11020158?color=75697,Jackets,249095362,3,2026-03-29T16:50:10.000+00:00,Comfy but Not What I Expected,"I ordered this jacket in “Porcelain Pink” as it was on sale and the color was cute. Unfortunately, the color is not as pictured—the picture looks like a soft petal pink, but is undeniably pink; the product I received has more of a purple/mauve tone. It’s still very pretty, but I feel the picture is the listing is misleading. Additionally, I have only worn the item once in the week that I’ve had it (and haven’t even washed it yet), but the fabric on the left breast is already pilling and has a patchy texture. Despite the misleading picture, I’m satisfied with the lilac-ish color of the product, and I find it to be just as comfortable and soft as my other define jackets, but I’m just disappointed that this product isn’t holding up well.",Color & Product Description,Mismatch between expectation and product presentation may reduce purchase confidence.,16806211,2,https://photos-us.bazaarvoice.com/photo/2/cGhvdG86bHVsdWxlbW9u/0ec52953-192f-5db3-99de-8b6791186c55,D:\lululemonvog\data\images\define_jacket_nulu\3_star\249095362_16806211.jpg,False,1,4,Runs a bit large
Define Jacket Nulu,define_jacket_nulu,Define_Jacket_Nulu,https://shop.lululemon.com/p/jackets-and-hoodies-jackets/Define-Jacket-Nulu/_/prod11020158?color=75697,Jackets,249218877,1,2026-04-02T20:24:49.000+00:00,Dissatisfied,"Have been a loyal customer. However, this purchase is trash , the jacket was thrown in a shipping package no wrapping. The jacket is clearly dirty with makeup stains on the front. Very disappointing",Shipping & Delivery,Post-purchase delivery problem affecting customer experience.,16850920,1,https://photos-us.bazaarvoice.com/photo/2/cGhvdG86bHVsdWxlbW9u/a70694bc-8f2c-5ad9-9b88-6c8e433e827a,D:\lululemonvog\data\images\define_jacket_nulu\1_star\249218877_16850920.jpg,False,2,14,True to size
Define Jacket Nulu,define_jacket_nulu,Define_Jacket_Nulu,https://shop.lululemon.com/p/jackets-and-hoodies-jackets/Define-Jacket-Nulu/_/prod11020158?color=75697,Jackets,249218877,1,2026-04-02T20:24:49.000+00:00,Dissatisfied,"Have been a loyal customer. However, this purchase is trash , the jacket was thrown in a shipping package no wrapping. The jacket is clearly dirty with makeup stains on the front. Very disappointing",Shipping & Delivery,Post-purchase delivery problem affecting customer experience.,16850921,2,https://photos-us.bazaarvoice.com/photo/2/cGhvdG86bHVsdWxlbW9u/bf487be8-add9-5beb-af59-afe8644e6f75,D:\lululemonvog\data\images\define_jacket_nulu\1_star\249218877_16850921.jpg,False,2,14,True to size
Define Jacket Nulu,define_jacket_nulu,Define_Jacket_Nulu,https://shop.lululemon.com/p/jackets-and-hoodies-jackets/Define-Jacket-Nulu/_/prod11020158?color=75697,Jackets,249274818,2,2026-04-05T02:12:09.000+00:00,they need to be checking the jackets,So why did I order it and there was white stuff inside the jacket?,Sizing & Fit,Fit expectation mismatch that may increase return risk.,16873133,1,https://photos-us.bazaarvoice.com/photo/2/cGhvdG86bHVsdWxlbW9u/27adb10d-5d21-58f2-a24e-d2ea35456be3,D:\lululemonvog\data\images\define_jacket_nulu\2_star\249274818_16873133.jpg,False,1,12,True to size
Define Jacket Nulu,define_jacket_nulu,Define_Jacket_Nulu,https://shop.lululemon.com/p/jackets-and-hoodies-jackets/Define-Jacket-Nulu/_/prod11020158?color=75697,Jackets,249274818,2,2026-04-05T02:12:09.000+00:00,they need to be checking the jackets,So why did I order it and there was white stuff inside the jacket?,Sizing & Fit,Fit expectation mismatch that may increase return risk.,16873134,2,https://photos-us.bazaarvoice.com/photo/2/cGhvdG86bHVsdWxlbW9u/18bf9967-ae49-5c3b-9673-9e52007de7a8,D:\lululemonvog\data\images\define_jacket_nulu\2_star\249274818_16873134.jpg,False,1,12,True to size
Define Jacket Nulu,define_jacket_nulu,Define_Jacket_Nulu,https://shop.lululemon.com/p/jackets-and-hoodies-jackets/Define-Jacket-Nulu/_/prod11020158?color=75697,Jackets,250056587,1,2026-04-28T12:03:15.000+00:00,Poor quality - better buying a knock off,"Product started to pill with one time wear, for the amount paid quality could be better. Absolute poor quality",Fabric & Material Quality,Product material or durability concern affecting premium brand trust.,17113581,1,https://photos-us.bazaarvoice.com/photo/2/cGhvdG86bHVsdWxlbW9u/88b93f6c-d112-50c9-a3df-0412ed2a84d6,D:\lululemonvog\data\images\define_jacket_nulu\1_star\250056587_17113581.jpg,False,1,4,True to size
Define Jacket Nulu,define_jacket_nulu,Define_Jacket_Nulu,https://shop.lululemon.com/p/jackets-and-hoodies-jackets/Define-Jacket-Nulu/_/prod11020158?color=75697,Jackets,250111296,1,2026-04-30T10:35:13.000+00:00,DO NOT BUY WALNUT CRUNCH WITHOUT CHECKING IN STORE,This was my 5th set in the last 30 days but now I’ll never buy lulu again. The walnut crunch define jacket and leggings are completely different colors (leggings are basically olive and the top is a pure brown) but because I already took the tag off (I assumed they would be perfect like my other sets and immediately ripped the tags) they refuse to refund or exchange.,Customer Service,Support or resolution issue affecting trust and loyalty.,17129494,1,https://photos-us.bazaarvoice.com/photo/2/cGhvdG86bHVsdWxlbW9u/b6623e94-693e-5267-9400-99acb45380ee,D:\lululemonvog\data\images\define_jacket_nulu\1_star\250111296_17129494.jpg,False,1,8,True to size
Define Jacket Nulu,define_jacket_nulu,Define_Jacket_Nulu,https://shop.lululemon.com/p/jackets-and-hoodies-jackets/Define-Jacket-Nulu/_/prod11020158?color=75697,Jackets,250111296,1,2026-04-30T10:35:13.000+00:00,DO NOT BUY WALNUT CRUNCH WITHOUT CHECKING IN STORE,This was my 5th set in the last 30 days but now I’ll never buy lulu again. The walnut crunch define jacket and leggings are completely different colors (leggings are basically olive and the top is a pure brown) but because I already took the tag off (I assumed they would be perfect like my other sets and immediately ripped the tags) they refuse to refund or exchange.,Customer Service,Support or resolution issue affecting trust and loyalty.,17129495,2,https://photos-us.bazaarvoice.com/photo/2/cGhvdG86bHVsdWxlbW9u/bf5255f8-4174-57ad-ae32-3490039a5525,D:\lululemonvog\data\images\define_jacket_nulu\1_star\250111296_17129495.jpg,False,1,8,True to size
Define Jacket Nulu,define_jacket_nulu,Define_Jacket_Nulu,https://shop.lululemon.com/p/jackets-and-hoodies-jackets/Define-Jacket-Nulu/_/prod11020158?color=75697,Jackets,250280789,3,2026-05-05T00:54:39.000+00:00,Lavender define jacket,I got the full length but didn’t really like it so I switched for cropped and it so much better,Sizing & Fit,Fit expectation mismatch that may increase return risk.,17174260,1,https://photos-us.bazaarvoice.com/photo/2/cGhvdG86bHVsdWxlbW9u/7e2cd3b3-bdc0-5536-8bbf-c4672e8030ff,D:\lululemonvog\data\images\define_jacket_nulu\3_star\250280789_17174260.jpg,False,0,6,True to size
Define Jacket Nulu,define_jacket_nulu,Define_Jacket_Nulu,https://shop.lululemon.com/p/jackets-and-hoodies-jackets/Define-Jacket-Nulu/_/prod11020158?color=75697,Jackets,250297618,2,2026-05-05T17:43:46.000+00:00,Black/Gold define jacket,"Don’t waste your money on this. I followed the washing instructions and honestly only washed my jacket a couple times since I bought it ( I got it only 5 months ago). The gold color on the zipper is already coming. Apparently this is from “ wear and tear”, but I’ve had the jacket for less than 6 months and wore it maybe 5 times and washed it twice, so this is just not normal. I’m so disappointed as this jacket looks so cute and fits nice, but it’s simply not worth the price as the quality is bad",Sizing & Fit,Fit expectation mismatch that may increase return risk.,17179641,1,https://photos-us.bazaarvoice.com/photo/2/cGhvdG86bHVsdWxlbW9u/9acb9d06-ad12-5570-be78-d4fcf02f8ff8,D:\lululemonvog\data\images\define_jacket_nulu\2_star\250297618_17179641.jpg,False,0,2,True to size
Define Jacket Nulu,define_jacket_nulu,Define_Jacket_Nulu,https://shop.lululemon.com/p/jackets-and-hoodies-jackets/Define-Jacket-Nulu/_/prod11020158?color=75697,Jackets,250297618,2,2026-05-05T17:43:46.000+00:00,Black/Gold define jacket,"Don’t waste your money on this. I followed the washing instructions and honestly only washed my jacket a couple times since I bought it ( I got it only 5 months ago). The gold color on the zipper is already coming. Apparently this is from “ wear and tear”, but I’ve had the jacket for less than 6 months and wore it maybe 5 times and washed it twice, so this is just not normal. I’m so disappointed as this jacket looks so cute and fits nice, but it’s simply not worth the price as the quality is bad",Sizing & Fit,Fit expectation mismatch that may increase return risk.,17179642,2,https://photos-us.bazaarvoice.com/photo/2/cGhvdG86bHVsdWxlbW9u/66b8c0df-b9cb-5a60-814a-99709827c601,D:\lululemonvog\data\images\define_jacket_nulu\2_star\250297618_17179642.jpg,False,0,2,True to size
Define Jacket Nulu,define_jacket_nulu,Define_Jacket_Nulu,https://shop.lululemon.com/p/jackets-and-hoodies-jackets/Define-Jacket-Nulu/_/prod11020158?color=75697,Jackets,250856814,1,2026-05-23T03:07:43.000+00:00,So disappointed with fulfillment lately!,Sadly my jacket came with greased spots in multiple areas of the jacket. I was excited about the color and completely bummed at the condition. The package on the outside was greasy as well with finger prints etc and the jacket wasn’t in any kind of protective wrapping. The 4th item to arrive like this or similarly with spots/stains/or reattached this week.,Sizing & Fit,Fit expectation mismatch that may increase return risk.,17322503,1,https://photos-us.bazaarvoice.com/photo/2/cGhvdG86bHVsdWxlbW9u/8fe3f8ce-e63f-5320-9097-7bc434fa2acb,D:\lululemonvog\data\images\define_jacket_nulu\1_star\250856814_17322503.jpg,False,0,10,True to size
Define Jacket Nulu,define_jacket_nulu,Define_Jacket_Nulu,https://shop.lululemon.com/p/jackets-and-hoodies-jackets/Define-Jacket-Nulu/_/prod11020158?color=75697,Jackets,250856814,1,2026-05-23T03:07:43.000+00:00,So disappointed with fulfillment lately!,Sadly my jacket came with greased spots in multiple areas of the jacket. I was excited about the color and completely bummed at the condition. The package on the outside was greasy as well with finger prints etc and the jacket wasn’t in any kind of protective wrapping. The 4th item to arrive like this or similarly with spots/stains/or reattached this week.,Sizing & Fit,Fit expectation mismatch that may increase return risk.,17322504,2,https://photos-us.bazaarvoice.com/photo/2/cGhvdG86bHVsdWxlbW9u/fd89dd4b-93ac-5f85-839e-30ff512e7d84,D:\lululemonvog\data\images\define_jacket_nulu\1_star\250856814_17322504.jpg,False,0,10,True to size
Define Jacket Nulu,define_jacket_nulu,Define_Jacket_Nulu,https://shop.lululemon.com/p/jackets-and-hoodies-jackets/Define-Jacket-Nulu/_/prod11020158?color=75697,Jackets,250856814,1,2026-05-23T03:07:43.000+00:00,So disappointed with fulfillment lately!,Sadly my jacket came with greased spots in multiple areas of the jacket. I was excited about the color and completely bummed at the condition. The package on the outside was greasy as well with finger prints etc and the jacket wasn’t in any kind of protective wrapping. The 4th item to arrive like this or similarly with spots/stains/or reattached this week.,Sizing & Fit,Fit expectation mismatch that may increase return risk.,17322505,3,https://photos-us.bazaarvoice.com/photo/2/cGhvdG86bHVsdWxlbW9u/c330b580-07a7-524a-bd6c-4642ab5f265e,D:\lululemonvog\data\images\define_jacket_nulu\1_star\250856814_17322505.jpg,False,0,10,True to size
Define Jacket Nulu,define_jacket_nulu,Define_Jacket_Nulu,https://shop.lululemon.com/p/jackets-and-hoodies-jackets/Define-Jacket-Nulu/_/prod11020158?color=75697,Jackets,250856814,1,2026-05-23T03:07:43.000+00:00,So disappointed with fulfillment lately!,Sadly my jacket came with greased spots in multiple areas of the jacket. I was excited about the color and completely bummed at the condition. The package on the outside was greasy as well with finger prints etc and the jacket wasn’t in any kind of protective wrapping. The 4th item to arrive like this or similarly with spots/stains/or reattached this week.,Sizing & Fit,Fit expectation mismatch that may increase return risk.,17322506,4,https://photos-us.bazaarvoice.com/photo/2/cGhvdG86bHVsdWxlbW9u/c5d17756-23ca-5814-920a-c6d738f0c8fb,D:\lululemonvog\data\images\define_jacket_nulu\1_star\250856814_17322506.jpg,False,0,10,True to size
Define Jacket Nulu,define_jacket_nulu,Define_Jacket_Nulu,https://shop.lululemon.com/p/jackets-and-hoodies-jackets/Define-Jacket-Nulu/_/prod11020158?color=75697,Jackets,251118106,1,2026-05-31T14:38:22.000+00:00,Don’t purchase,"Tried this on for my daughter who is tall and has bigger breast, I went up a size cause is was tight, got it home she tried it in and it fit to the tee. Next day goes to put it on and it has a big huge hole in the pocket. It came unthreaded well I called and talked to them and sense she wore it once or for maybe 4 hours they will not exchange it or give my money back it was $175 .",Stitching & Construction,Construction quality issue may undermine perceived craftsmanship.,17383661,1,https://photos-us.bazaarvoice.com/photo/2/cGhvdG86bHVsdWxlbW9u/498859e5-9237-580f-bf29-1dab096c556a,D:\lululemonvog\data\images\define_jacket_nulu\1_star\251118106_17383661.jpg,False,1,10,Runs a bit small
Define Jacket Nulu,define_jacket_nulu,Define_Jacket_Nulu,https://shop.lululemon.com/p/jackets-and-hoodies-jackets/Define-Jacket-Nulu/_/prod11020158?color=75697,Jackets,251958574,1,2026-06-16T21:35:32.000+00:00,Tearing of under arm,"Damaged material , I went to the store less then 24 hours of buying the jacket and was turned away and told to reach out to customer service. Which I did and they have been little communication.",Customer Service,Support or resolution issue affecting trust and loyalty.,17525172,1,https://photos-us.bazaarvoice.com/photo/2/cGhvdG86bHVsdWxlbW9u/0ee3c260-14c8-50d1-a184-5a3716316377,D:\lululemonvog\data\images\define_jacket_nulu\1_star\251958574_17525172.jpg,False,1,6,True to size
Define Jacket Nulu,define_jacket_nulu,Define_Jacket_Nulu,https://shop.lululemon.com/p/jackets-and-hoodies-jackets/Define-Jacket-Nulu/_/prod11020158?color=75697,Jackets,251958574,1,2026-06-16T21:35:32.000+00:00,Tearing of under arm,"Damaged material , I went to the store less then 24 hours of buying the jacket and was turned away and told to reach out to customer service. Which I did and they have been little communication.",Customer Service,Support or resolution issue affecting trust and loyalty.,17525173,2,https://photos-us.bazaarvoice.com/photo/2/cGhvdG86bHVsdWxlbW9u/f2035310-e647-546e-9c26-1687b351aee2,D:\lululemonvog\data\images\define_jacket_nulu\1_star\251958574_17525173.jpg,False,1,6,True to size
Define Jacket Nulu,define_jacket_nulu,Define_Jacket_Nulu,https://shop.lululemon.com/p/jackets-and-hoodies-jackets/Define-Jacket-Nulu/_/prod11020158?color=75697,Jackets,252682597,3,2026-07-10T01:45:40.000+00:00,Fits very nice,I really liked this runs true to size and very cute! The material is very thin but very soft.,Fabric & Material Quality,Product material or durability concern affecting premium brand trust.,17700314,1,https://photos-us.bazaarvoice.com/photo/2/cGhvdG86bHVsdWxlbW9u/8a9ecb09-12df-5829-b388-6e6d2e962ebe,D:\lululemonvog\data\images\define_jacket_nulu\3_star\252682597_17700314.jpg,False,0,2,True to size
Define Jacket Nulu,define_jacket_nulu,Define_Jacket_Nulu,https://shop.lululemon.com/p/jackets-and-hoodies-jackets/Define-Jacket-Nulu/_/prod11020158?color=75697,Jackets,254009686,1,2026-07-24T00:21:35.000+00:00,Poor customer service,Came in stained and customer service has still not responded to the request they asked me to send in.,Customer Service,Support or resolution issue affecting trust and loyalty.,17828869,1,https://photos-us.bazaarvoice.com/photo/2/cGhvdG86bHVsdWxlbW9u/2deabd0c-68c2-5454-8cbb-89afa35b6cfa,D:\lululemonvog\data\images\define_jacket_nulu\1_star\254009686_17828869.jpg,False,0,,True to size
Define Jacket Nulu,define_jacket_nulu,Define_Jacket_Nulu,https://shop.lululemon.com/p/jackets-and-hoodies-jackets/Define-Jacket-Nulu/_/prod11020158?color=75697,Jackets,254009686,1,2026-07-24T00:21:35.000+00:00,Poor customer service,Came in stained and customer service has still not responded to the request they asked me to send in.,Customer Service,Support or resolution issue affecting trust and loyalty.,17828870,2,https://photos-us.bazaarvoice.com/photo/2/cGhvdG86bHVsdWxlbW9u/883ba0ec-adeb-5c14-a5a2-64597337df64,D:\lululemonvog\data\images\define_jacket_nulu\1_star\254009686_17828870.jpg,False,0,,True to size
Define Jacket Nulu,define_jacket_nulu,Define_Jacket_Nulu,https://shop.lululemon.com/p/jackets-and-hoodies-jackets/Define-Jacket-Nulu/_/prod11020158?color=75697,Jackets,254838461,3,2026-07-28T12:30:58.000+00:00,My new piece,The zipper are a bit rough,Zipper Issues,Functional closure failure suggests a product reliability risk.,17878878,1,https://photos-us.bazaarvoice.com/photo/2/cGhvdG86bHVsdWxlbW9u/704a5aed-a738-55cf-b04d-f918d5edc861,D:\lululemonvog\data\images\define_jacket_nulu\3_star\254838461_17878878.jpg,False,0,8,Runs small
"Q123 Pace Breaker 7"" Lined",q123_pace_breaker_7_lined,Pace_Breaker_Short_NF_7_Lined_Update,https://shop.lululemon.com/p/men-shorts/Pace-Breaker-Short-NF-7-Lined-Update-MD/_/prod11784464?color=72756,Mens Shorts,226655410,1,2023-07-03T16:57:07.000+00:00,Liner frayed,"Liner fabric is frayed, reached out to support but unresponsive",Stitching & Construction,Construction quality issue may undermine perceived craftsmanship.,8313819,1,https://photos-us.bazaarvoice.com/photo/2/cGhvdG86bHVsdWxlbW9u/c50cff6a-6cce-5728-9fa4-79280a6566c9,D:\lululemonvog\data\images\q123_pace_breaker_7_lined\1_star\226655410_8313819.jpg,False,0,Medium,
"Q123 Pace Breaker 7"" Lined",q123_pace_breaker_7_lined,Pace_Breaker_Short_NF_7_Lined_Update,https://shop.lululemon.com/p/men-shorts/Pace-Breaker-Short-NF-7-Lined-Update-MD/_/prod11784464?color=72756,Mens Shorts,228861821,1,2023-10-15T15:34:12.000+00:00,Not built to last,The lining in the shorts have already started to develop tears within 3 uses.,Fabric & Material Quality,Product material or durability concern affecting premium brand trust.,8974353,1,https://photos-us.bazaarvoice.com/photo/2/cGhvdG86bHVsdWxlbW9u/c639e8da-7b4a-5d39-9866-aa05e55dbf98,D:\lululemonvog\data\images\q123_pace_breaker_7_lined\1_star\228861821_8974353.jpg,False,1,XL,Runs a bit small
"Q123 Pace Breaker 7"" Lined",q123_pace_breaker_7_lined,Pace_Breaker_Short_NF_7_Lined_Update,https://shop.lululemon.com/p/men-shorts/Pace-Breaker-Short-NF-7-Lined-Update-MD/_/prod11784464?color=72756,Mens Shorts,228892540,1,2023-10-16T20:35:50.000+00:00,poor quality,I've bought several pairs of these. It wasn't until about a year later that the liner started to rip. If you're paying this much they should last longer than that.,Sizing & Fit,Fit expectation mismatch that may increase return risk.,8980459,1,https://photos-us.bazaarvoice.com/photo/2/cGhvdG86bHVsdWxlbW9u/7119b814-7b63-51fd-a330-7e73d9394c9e,D:\lululemonvog\data\images\q123_pace_breaker_7_lined\1_star\228892540_8980459.jpg,False,2,L,True to size
"Q123 Pace Breaker 7"" Lined",q123_pace_breaker_7_lined,Pace_Breaker_Short_NF_7_Lined_Update,https://shop.lululemon.com/p/men-shorts/Pace-Breaker-Short-NF-7-Lined-Update-MD/_/prod11784464?color=72756,Mens Shorts,231642097,1,2024-02-04T16:22:43.000+00:00,Product arrived damaged,This product arrived with a giant stain on the backside. Customer service was no help and made me fill out a warranty claim which I have not heard back from. Was hoping to wear these shorts on an upcoming international trip.,Customer Service,Support or resolution issue affecting trust and loyalty.,9645281,1,https://photos-us.bazaarvoice.com/photo/2/cGhvdG86bHVsdWxlbW9u/0e15c1e2-70a0-51ff-be7a-2cc9f89c7af9,D:\lululemonvog\data\images\q123_pace_breaker_7_lined\1_star\231642097_9645281.jpg,False,0,Medium,
"Q123 Pace Breaker 7"" Lined",q123_pace_breaker_7_lined,Pace_Breaker_Short_NF_7_Lined_Update,https://shop.lululemon.com/p/men-shorts/Pace-Breaker-Short-NF-7-Lined-Update-MD/_/prod11784464?color=72756,Mens Shorts,231642097,1,2024-02-04T16:22:43.000+00:00,Product arrived damaged,This product arrived with a giant stain on the backside. Customer service was no help and made me fill out a warranty claim which I have not heard back from. Was hoping to wear these shorts on an upcoming international trip.,Customer Service,Support or resolution issue affecting trust and loyalty.,9645282,2,https://photos-us.bazaarvoice.com/photo/2/cGhvdG86bHVsdWxlbW9u/24a5f303-9558-5a15-bdc2-751ed18a5c25,D:\lululemonvog\data\images\q123_pace_breaker_7_lined\1_star\231642097_9645282.jpg,False,0,Medium,
"Q123 Pace Breaker 7"" Lined",q123_pace_breaker_7_lined,Pace_Breaker_Short_NF_7_Lined_Update,https://shop.lululemon.com/p/men-shorts/Pace-Breaker-Short-NF-7-Lined-Update-MD/_/prod11784464?color=72756,Mens Shorts,231833063,1,2024-02-12T20:16:43.000+00:00,Worse fit and less durable than old version.,"The new ""improved"" version is a major downgrade from the previous version. The liner is looser, so my phone bounces around in the liner pocket more. The liner is less durable and the has a huge hole after several months of use. I have 4 older pairs of pacebreakers that do not have these issues and have yet to rip. Even the new drawstring is somehow worse and doesn't stay as tight. I do not recommend anyone purchase these for running.",Design & Features,Design choice or feature limitation may be frustrating customers.,9708570,1,https://photos-us.bazaarvoice.com/photo/2/cGhvdG86bHVsdWxlbW9u/97821455-3395-5d7e-9d49-290910df536d,D:\lululemonvog\data\images\q123_pace_breaker_7_lined\1_star\231833063_9708570.jpg,False,4,M,Runs a bit large
"Q123 Pace Breaker 7"" Lined",q123_pace_breaker_7_lined,Pace_Breaker_Short_NF_7_Lined_Update,https://shop.lululemon.com/p/men-shorts/Pace-Breaker-Short-NF-7-Lined-Update-MD/_/prod11784464?color=72756,Mens Shorts,231833063,1,2024-02-12T20:16:43.000+00:00,Worse fit and less durable than old version.,"The new ""improved"" version is a major downgrade from the previous version. The liner is looser, so my phone bounces around in the liner pocket more. The liner is less durable and the has a huge hole after several months of use. I have 4 older pairs of pacebreakers that do not have these issues and have yet to rip. Even the new drawstring is somehow worse and doesn't stay as tight. I do not recommend anyone purchase these for running.",Design & Features,Design choice or feature limitation may be frustrating customers.,9708571,2,https://photos-us.bazaarvoice.com/photo/2/cGhvdG86bHVsdWxlbW9u/4a0a725e-b0a4-580c-836f-8b56b15cd64e,D:\lululemonvog\data\images\q123_pace_breaker_7_lined\1_star\231833063_9708571.jpg,False,4,M,Runs a bit large
"Q123 Pace Breaker 7"" Lined",q123_pace_breaker_7_lined,Pace_Breaker_Short_NF_7_Lined_Update,https://shop.lululemon.com/p/men-shorts/Pace-Breaker-Short-NF-7-Lined-Update-MD/_/prod11784464?color=72756,Mens Shorts,231865065,1,2024-02-14T04:40:03.000+00:00,Not the quality they use to be!,I’ve owned 3 pairs of these over the years and they have been money and virtually indestructible. I had to have the new light blue ones and purchased them in store on 1/16/24 and they are not the same quality as my other pairs. After only one wear to the gym a strand of thread on one of the legs basically ran like a pair of nylons and now they look terrible and I bet they rip soon. I would not recommend.,Sizing & Fit,Fit expectation mismatch that may increase return risk.,9722210,1,https://photos-us.bazaarvoice.com/photo/2/cGhvdG86bHVsdWxlbW9u/5451c28d-df1d-517d-ac63-cff428de6382,D:\lululemonvog\data\images\q123_pace_breaker_7_lined\1_star\231865065_9722210.jpg,False,3,M,True to size
"Q123 Pace Breaker 7"" Lined",q123_pace_breaker_7_lined,Pace_Breaker_Short_NF_7_Lined_Update,https://shop.lululemon.com/p/men-shorts/Pace-Breaker-Short-NF-7-Lined-Update-MD/_/prod11784464?color=72756,Mens Shorts,232182232,1,2024-02-28T13:27:43.000+00:00,Low quality compared to older pairs,"I just recieved these shorts and wore them for the 1st time today in a workout using a barbell. The quality has significantly reduced compared to previous pairs that I've owned and I'm pretty disappointed. The shorts fell completely apart where the barbell made contact (see attached images). My previous pairs have been through 100s of barbell workouts without issue. This isn't acceptable, especially considering the price point.",Fabric & Material Quality,Product material or durability concern affecting premium brand trust.,9849860,1,https://photos-us.bazaarvoice.com/photo/2/cGhvdG86bHVsdWxlbW9u/4a995a49-4eb2-573a-abf3-e648a6f955a0,D:\lululemonvog\data\images\q123_pace_breaker_7_lined\1_star\232182232_9849860.jpg,False,0,L,Runs a bit small
"Q123 Pace Breaker 7"" Lined",q123_pace_breaker_7_lined,Pace_Breaker_Short_NF_7_Lined_Update,https://shop.lululemon.com/p/men-shorts/Pace-Breaker-Short-NF-7-Lined-Update-MD/_/prod11784464?color=72756,Mens Shorts,232182232,1,2024-02-28T13:27:43.000+00:00,Low quality compared to older pairs,"I just recieved these shorts and wore them for the 1st time today in a workout using a barbell. The quality has significantly reduced compared to previous pairs that I've owned and I'm pretty disappointed. The shorts fell completely apart where the barbell made contact (see attached images). My previous pairs have been through 100s of barbell workouts without issue. This isn't acceptable, especially considering the price point.",Fabric & Material Quality,Product material or durability concern affecting premium brand trust.,9849861,2,https://photos-us.bazaarvoice.com/photo/2/cGhvdG86bHVsdWxlbW9u/c9615016-176e-5150-8057-795e72aae1e2,D:\lululemonvog\data\images\q123_pace_breaker_7_lined\1_star\232182232_9849861.jpg,False,0,L,Runs a bit small
"Q123 Pace Breaker 7"" Lined",q123_pace_breaker_7_lined,Pace_Breaker_Short_NF_7_Lined_Update,https://shop.lululemon.com/p/men-shorts/Pace-Breaker-Short-NF-7-Lined-Update-MD/_/prod11784464?color=72756,Mens Shorts,233179320,1,2024-04-17T23:07:47.000+00:00,Lacks quality material,"Was sent a damaged product with Quality Control sticker on the shorts, unhelpful customer service. Unacceptable for the premium price point.",Customer Service,Support or resolution issue affecting trust and loyalty.,10239345,1,https://photos-us.bazaarvoice.com/photo/2/cGhvdG86bHVsdWxlbW9u/367d9386-9d83-5b0f-9b7d-30e77ecf5fd7,D:\lululemonvog\data\images\q123_pace_breaker_7_lined\1_star\233179320_10239345.jpg,False,1,Medium,True to size
"Q123 Pace Breaker 7"" Lined",q123_pace_breaker_7_lined,Pace_Breaker_Short_NF_7_Lined_Update,https://shop.lululemon.com/p/men-shorts/Pace-Breaker-Short-NF-7-Lined-Update-MD/_/prod11784464?color=72756,Mens Shorts,233676819,1,2024-05-13T14:13:17.000+00:00,Shorts,My husband had these shorts for 4 months and they completely ripped at the liner from doing a squat.,Sizing & Fit,Fit expectation mismatch that may increase return risk.,10431836,1,https://photos-us.bazaarvoice.com/photo/2/cGhvdG86bHVsdWxlbW9u/b9719a38-826b-5799-a12b-37a788ca0106,D:\lululemonvog\data\images\q123_pace_breaker_7_lined\1_star\233676819_10431836.jpg,False,3,S,True to size
"Q123 Pace Breaker 7"" Lined",q123_pace_breaker_7_lined,Pace_Breaker_Short_NF_7_Lined_Update,https://shop.lululemon.com/p/men-shorts/Pace-Breaker-Short-NF-7-Lined-Update-MD/_/prod11784464?color=72756,Mens Shorts,236941216,1,2024-10-22T14:48:30.000+00:00,Poor Durability – Lining Ripped During Second Run,"I own another pair of Lululemon lined shorts that I really liked, I ran a marathon in them a few years ago, and I continue to wear them to this day. So with another marathon coming up, I decided to get a new pair of the Pace Breaker Lined Short 7"". Unfortunately, after just two runs, the lining ripped, leaving a large hole in the crotch area. The first run was just an easy run to test them out, but during the marathon, the tear caused a lot of chafing, making the rest of the run uncomfortable and the recovery worse. For shorts marketed for “running and training,” I expected better durability. These didn’t hold up like my previous pair, and I wouldn’t recommend them for long-distance running.",Stitching & Construction,Construction quality issue may undermine perceived craftsmanship.,11713821,1,https://photos-us.bazaarvoice.com/photo/2/cGhvdG86bHVsdWxlbW9u/9b85b96d-aee4-5ffc-b368-55f5013315b5,D:\lululemonvog\data\images\q123_pace_breaker_7_lined\1_star\236941216_11713821.jpg,False,0,Small,True to size
"Q123 Pace Breaker 7"" Lined",q123_pace_breaker_7_lined,Pace_Breaker_Short_NF_7_Lined_Update,https://shop.lululemon.com/p/men-shorts/Pace-Breaker-Short-NF-7-Lined-Update-MD/_/prod11784464?color=72756,Mens Shorts,236941216,1,2024-10-22T14:48:30.000+00:00,Poor Durability – Lining Ripped During Second Run,"I own another pair of Lululemon lined shorts that I really liked, I ran a marathon in them a few years ago, and I continue to wear them to this day. So with another marathon coming up, I decided to get a new pair of the Pace Breaker Lined Short 7"". Unfortunately, after just two runs, the lining ripped, leaving a large hole in the crotch area. The first run was just an easy run to test them out, but during the marathon, the tear caused a lot of chafing, making the rest of the run uncomfortable and the recovery worse. For shorts marketed for “running and training,” I expected better durability. These didn’t hold up like my previous pair, and I wouldn’t recommend them for long-distance running.",Stitching & Construction,Construction quality issue may undermine perceived craftsmanship.,11713822,2,https://photos-us.bazaarvoice.com/photo/2/cGhvdG86bHVsdWxlbW9u/c19afd41-389c-5cbe-8ed7-4da697d035db,D:\lululemonvog\data\images\q123_pace_breaker_7_lined\1_star\236941216_11713822.jpg,False,0,Small,True to size
"Q123 Pace Breaker 7"" Lined",q123_pace_breaker_7_lined,Pace_Breaker_Short_NF_7_Lined_Update,https://shop.lululemon.com/p/men-shorts/Pace-Breaker-Short-NF-7-Lined-Update-MD/_/prod11784464?color=72756,Mens Shorts,236941216,1,2024-10-22T14:48:30.000+00:00,Poor Durability – Lining Ripped During Second Run,"I own another pair of Lululemon lined shorts that I really liked, I ran a marathon in them a few years ago, and I continue to wear them to this day. So with another marathon coming up, I decided to get a new pair of the Pace Breaker Lined Short 7"". Unfortunately, after just two runs, the lining ripped, leaving a large hole in the crotch area. The first run was just an easy run to test them out, but during the marathon, the tear caused a lot of chafing, making the rest of the run uncomfortable and the recovery worse. For shorts marketed for “running and training,” I expected better durability. These didn’t hold up like my previous pair, and I wouldn’t recommend them for long-distance running.",Stitching & Construction,Construction quality issue may undermine perceived craftsmanship.,11713823,3,https://photos-us.bazaarvoice.com/photo/2/cGhvdG86bHVsdWxlbW9u/b2ea5860-e460-5608-9ad3-e4169aecdb6e,D:\lululemonvog\data\images\q123_pace_breaker_7_lined\1_star\236941216_11713823.jpg,False,0,Small,True to size
"Q123 Pace Breaker 7"" Lined",q123_pace_breaker_7_lined,Pace_Breaker_Short_NF_7_Lined_Update,https://shop.lululemon.com/p/men-shorts/Pace-Breaker-Short-NF-7-Lined-Update-MD/_/prod11784464?color=72756,Mens Shorts,236941216,1,2024-10-22T14:48:30.000+00:00,Poor Durability – Lining Ripped During Second Run,"I own another pair of Lululemon lined shorts that I really liked, I ran a marathon in them a few years ago, and I continue to wear them to this day. So with another marathon coming up, I decided to get a new pair of the Pace Breaker Lined Short 7"". Unfortunately, after just two runs, the lining ripped, leaving a large hole in the crotch area. The first run was just an easy run to test them out, but during the marathon, the tear caused a lot of chafing, making the rest of the run uncomfortable and the recovery worse. For shorts marketed for “running and training,” I expected better durability. These didn’t hold up like my previous pair, and I wouldn’t recommend them for long-distance running.",Stitching & Construction,Construction quality issue may undermine perceived craftsmanship.,11713824,4,https://photos-us.bazaarvoice.com/photo/2/cGhvdG86bHVsdWxlbW9u/ae8de6d7-9107-5214-91d1-83efc93c4167,D:\lululemonvog\data\images\q123_pace_breaker_7_lined\1_star\236941216_11713824.jpg,False,0,Small,True to size
"Q123 Pace Breaker 7"" Lined",q123_pace_breaker_7_lined,Pace_Breaker_Short_NF_7_Lined_Update,https://shop.lululemon.com/p/men-shorts/Pace-Breaker-Short-NF-7-Lined-Update-MD/_/prod11784464?color=72756,Mens Shorts,243936160,2,2025-08-11T08:10:29.000+00:00,Liner Didn’t Last,"As you can see from my pictures, the liner completely frayed and ripped pretty quickly. Obviously, these are not built to last. I have plenty of these shorts from before, however, the liner on this addition wore out very fast. I’m very disappointed as this was my go to short for working out. I fear that the quality is no longer what it was.",Stitching & Construction,Construction quality issue may undermine perceived craftsmanship.,14517780,1,https://photos-us.bazaarvoice.com/photo/2/cGhvdG86bHVsdWxlbW9u/c671f1e0-559f-5c4a-a9f1-350a6c801a8d,D:\lululemonvog\data\images\q123_pace_breaker_7_lined\2_star\243936160_14517780.jpg,False,0,M,True to size
"Q123 Pace Breaker 7"" Lined",q123_pace_breaker_7_lined,Pace_Breaker_Short_NF_7_Lined_Update,https://shop.lululemon.com/p/men-shorts/Pace-Breaker-Short-NF-7-Lined-Update-MD/_/prod11784464?color=72756,Mens Shorts,244209791,1,2025-08-23T02:35:10.000+00:00,Terrible quality,Brand new pair had 3 snags in it after a couple hours use while golfing. Not sure how it’s possible. This has happened lots on the back or sides of these shorts but never the front for me before. Quality and durability is nothing like what it used to be.,Fabric & Material Quality,Product material or durability concern affecting premium brand trust.,14620768,1,https://photos-us.bazaarvoice.com/photo/2/cGhvdG86bHVsdWxlbW9u/a5e422e5-32da-5e59-888e-736d50a7c2ad,D:\lululemonvog\data\images\q123_pace_breaker_7_lined\1_star\244209791_14620768.jpg,False,1,S,Runs a bit large
"Q123 Pace Breaker 7"" Lined",q123_pace_breaker_7_lined,Pace_Breaker_Short_NF_7_Lined_Update,https://shop.lululemon.com/p/men-shorts/Pace-Breaker-Short-NF-7-Lined-Update-MD/_/prod11784464?color=72756,Mens Shorts,245231511,1,2025-10-14T22:08:07.000+00:00,Falling apart after first run,I reached out for support,Sizing & Fit,Fit expectation mismatch that may increase return risk.,15111576,1,https://photos-us.bazaarvoice.com/photo/2/cGhvdG86bHVsdWxlbW9u/a706ebaf-44e9-564c-9c93-9002b5c9ac90,D:\lululemonvog\data\images\q123_pace_breaker_7_lined\1_star\245231511_15111576.jpg,False,1,Medium,True to size
"Q123 Pace Breaker 7"" Lined",q123_pace_breaker_7_lined,Pace_Breaker_Short_NF_7_Lined_Update,https://shop.lululemon.com/p/men-shorts/Pace-Breaker-Short-NF-7-Lined-Update-MD/_/prod11784464?color=72756,Mens Shorts,247365228,3,2026-01-10T20:11:12.000+00:00,LOVE the fit! BUMMED about the quality,"These shorts look and feel really great! I have two pairs and wear them daily. However, be warned about the liner because I haven’t had these long and the liner already has major holes in them (see pics), which is a massive bummer. These are probably the comfiest shorts I run in but the quick wear-and-tear has me discouraged. Might be better going linerless with something higher underneath them.",Sizing & Fit,Fit expectation mismatch that may increase return risk.,16010088,1,https://photos-us.bazaarvoice.com/photo/2/cGhvdG86bHVsdWxlbW9u/96f3cf67-927c-52fd-bae2-35ceecd26d9c,D:\lululemonvog\data\images\q123_pace_breaker_7_lined\3_star\247365228_16010088.jpg,False,0,M,True to size
"Q123 Pace Breaker 7"" Lined",q123_pace_breaker_7_lined,Pace_Breaker_Short_NF_7_Lined_Update,https://shop.lululemon.com/p/men-shorts/Pace-Breaker-Short-NF-7-Lined-Update-MD/_/prod11784464?color=72756,Mens Shorts,247365228,3,2026-01-10T20:11:12.000+00:00,LOVE the fit! BUMMED about the quality,"These shorts look and feel really great! I have two pairs and wear them daily. However, be warned about the liner because I haven’t had these long and the liner already has major holes in them (see pics), which is a massive bummer. These are probably the comfiest shorts I run in but the quick wear-and-tear has me discouraged. Might be better going linerless with something higher underneath them.",Sizing & Fit,Fit expectation mismatch that may increase return risk.,16010089,2,https://photos-us.bazaarvoice.com/photo/2/cGhvdG86bHVsdWxlbW9u/bc9d4f67-7e41-50d2-9e9c-6aa36ea37cca,D:\lululemonvog\data\images\q123_pace_breaker_7_lined\3_star\247365228_16010089.jpg,False,0,M,True to size
"Q123 Pace Breaker 7"" Lined",q123_pace_breaker_7_lined,Pace_Breaker_Short_NF_7_Lined_Update,https://shop.lululemon.com/p/men-shorts/Pace-Breaker-Short-NF-7-Lined-Update-MD/_/prod11784464?color=72756,Mens Shorts,248503664,1,2026-03-02T14:36:39.000+00:00,I would recommend another lined short…,"I bought these about 8 months ago. I wear them once a week to the gym and for running. I washed and dried them like they said. I submitted something about a month or so ago to their customer team because the elastic was coming out and there were holes starting to form. The pictures are current and I was told that it’s normal for the liner to start getting holes in them like this. I’ve had Chubbies Shorts for about a year longer and they don’t have any signs of this. Buy another brand, not these.",Stitching & Construction,Construction quality issue may undermine perceived craftsmanship.,16488918,1,https://photos-us.bazaarvoice.com/photo/2/cGhvdG86bHVsdWxlbW9u/8c471dda-d003-5705-8b8b-d760cb1a09c8,D:\lululemonvog\data\images\q123_pace_breaker_7_lined\1_star\248503664_16488918.jpg,False,1,M,Runs a bit large
"Q123 Pace Breaker 7"" Lined",q123_pace_breaker_7_lined,Pace_Breaker_Short_NF_7_Lined_Update,https://shop.lululemon.com/p/men-shorts/Pace-Breaker-Short-NF-7-Lined-Update-MD/_/prod11784464?color=72756,Mens Shorts,248503664,1,2026-03-02T14:36:39.000+00:00,I would recommend another lined short…,"I bought these about 8 months ago. I wear them once a week to the gym and for running. I washed and dried them like they said. I submitted something about a month or so ago to their customer team because the elastic was coming out and there were holes starting to form. The pictures are current and I was told that it’s normal for the liner to start getting holes in them like this. I’ve had Chubbies Shorts for about a year longer and they don’t have any signs of this. Buy another brand, not these.",Stitching & Construction,Construction quality issue may undermine perceived craftsmanship.,16488919,2,https://photos-us.bazaarvoice.com/photo/2/cGhvdG86bHVsdWxlbW9u/eab4043c-6186-5afa-98e7-858453456bb3,D:\lululemonvog\data\images\q123_pace_breaker_7_lined\1_star\248503664_16488919.jpg,False,1,M,Runs a bit large
"Q123 Pace Breaker 7"" Lined",q123_pace_breaker_7_lined,Pace_Breaker_Short_NF_7_Lined_Update,https://shop.lululemon.com/p/men-shorts/Pace-Breaker-Short-NF-7-Lined-Update-MD/_/prod11784464?color=72756,Mens Shorts,248503664,1,2026-03-02T14:36:39.000+00:00,I would recommend another lined short…,"I bought these about 8 months ago. I wear them once a week to the gym and for running. I washed and dried them like they said. I submitted something about a month or so ago to their customer team because the elastic was coming out and there were holes starting to form. The pictures are current and I was told that it’s normal for the liner to start getting holes in them like this. I’ve had Chubbies Shorts for about a year longer and they don’t have any signs of this. Buy another brand, not these.",Stitching & Construction,Construction quality issue may undermine perceived craftsmanship.,16488920,3,https://photos-us.bazaarvoice.com/photo/2/cGhvdG86bHVsdWxlbW9u/b1da1935-993f-59ef-809b-f5f0444850f4,D:\lululemonvog\data\images\q123_pace_breaker_7_lined\1_star\248503664_16488920.jpg,False,1,M,Runs a bit large
"Q123 Pace Breaker 7"" Lined",q123_pace_breaker_7_lined,Pace_Breaker_Short_NF_7_Lined_Update,https://shop.lululemon.com/p/men-shorts/Pace-Breaker-Short-NF-7-Lined-Update-MD/_/prod11784464?color=72756,Mens Shorts,248503664,1,2026-03-02T14:36:39.000+00:00,I would recommend another lined short…,"I bought these about 8 months ago. I wear them once a week to the gym and for running. I washed and dried them like they said. I submitted something about a month or so ago to their customer team because the elastic was coming out and there were holes starting to form. The pictures are current and I was told that it’s normal for the liner to start getting holes in them like this. I’ve had Chubbies Shorts for about a year longer and they don’t have any signs of this. Buy another brand, not these.",Stitching & Construction,Construction quality issue may undermine perceived craftsmanship.,16488921,4,https://photos-us.bazaarvoice.com/photo/2/cGhvdG86bHVsdWxlbW9u/c7fe7143-3fb0-54cb-bae6-268d4c3bf279,D:\lululemonvog\data\images\q123_pace_breaker_7_lined\1_star\248503664_16488921.jpg,False,1,M,Runs a bit large
"Q123 Pace Breaker 7"" Lined",q123_pace_breaker_7_lined,Pace_Breaker_Short_NF_7_Lined_Update,https://shop.lululemon.com/p/men-shorts/Pace-Breaker-Short-NF-7-Lined-Update-MD/_/prod11784464?color=72756,Mens Shorts,250453248,1,2026-05-10T11:05:46.000+00:00,Remove anti theft device before shipping,"Product is great, my problem is with the employee who packed the shorts. Still had anti theft tag on it!",Sizing & Fit,Fit expectation mismatch that may increase return risk.,17218409,1,https://photos-us.bazaarvoice.com/photo/2/cGhvdG86bHVsdWxlbW9u/b7ef0461-6b40-5d64-b4d9-3df96b349641,D:\lululemonvog\data\images\q123_pace_breaker_7_lined\1_star\250453248_17218409.jpg,False,0,XL,True to size
SP25 Sculpt Tank FT,sp25_sculpt_tank_ft,Sculpt_Tank_Top,https://shop.lululemon.com/p/women-tanks/Sculpt-Tank-Top/_/prod5020018?color=31382,Women Tanks,243023615,2,2025-07-02T12:37:26.000+00:00,Arm hole stretched out when perspiring,"Luckily, the company returned my item, even though I wore it once and washed it. The material was so thin that it stretched out too much.",Fabric & Material Quality,Product material or durability concern affecting premium brand trust.,14206735,1,https://photos-us.bazaarvoice.com/photo/2/cGhvdG86bHVsdWxlbW9u/360f4bba-5514-5983-a702-9de84d57316d,D:\lululemonvog\data\images\sp25_sculpt_tank_ft\2_star\243023615_14206735.jpg,False,1,14,Runs a bit large
SP25 Sculpt Tank FT,sp25_sculpt_tank_ft,Sculpt_Tank_Top,https://shop.lululemon.com/p/women-tanks/Sculpt-Tank-Top/_/prod5020018?color=31382,Women Tanks,243237149,1,2025-07-12T13:35:20.000+00:00,Loved the fit but the quality is not there,"I purchased this and loved it as soon as I tried it on. Then I took it for its maiden voyage - a 5 mile run. At the end of the run, I looked down and the material had a run in it. I hadn’t washed it, or done anything but run. When I reached out to lululemon they told me this was “normal wear and tear” and I could not exchange it for another. I have never had any other lululemon tops look like this after one run. If this is how this top looks so soon after purchasing it, it’s a no for me.",Fabric & Material Quality,Product material or durability concern affecting premium brand trust.,14281950,1,https://photos-us.bazaarvoice.com/photo/2/cGhvdG86bHVsdWxlbW9u/495f55d7-02dc-5905-a5f6-1c44e2545fe3,D:\lululemonvog\data\images\sp25_sculpt_tank_ft\1_star\243237149_14281950.jpg,False,1,8,Runs a bit large
SP25 Sculpt Tank FT,sp25_sculpt_tank_ft,Sculpt_Tank_Top,https://shop.lululemon.com/p/women-tanks/Sculpt-Tank-Top/_/prod5020018?color=31382,Women Tanks,243237149,1,2025-07-12T13:35:20.000+00:00,Loved the fit but the quality is not there,"I purchased this and loved it as soon as I tried it on. Then I took it for its maiden voyage - a 5 mile run. At the end of the run, I looked down and the material had a run in it. I hadn’t washed it, or done anything but run. When I reached out to lululemon they told me this was “normal wear and tear” and I could not exchange it for another. I have never had any other lululemon tops look like this after one run. If this is how this top looks so soon after purchasing it, it’s a no for me.",Fabric & Material Quality,Product material or durability concern affecting premium brand trust.,14281951,2,https://photos-us.bazaarvoice.com/photo/2/cGhvdG86bHVsdWxlbW9u/73903bb9-7a16-5fc6-ba89-e7361d3aa887,D:\lululemonvog\data\images\sp25_sculpt_tank_ft\1_star\243237149_14281951.jpg,False,1,8,Runs a bit large
SP25 Sculpt Tank FT,sp25_sculpt_tank_ft,Sculpt_Tank_Top,https://shop.lululemon.com/p/women-tanks/Sculpt-Tank-Top/_/prod5020018?color=31382,Women Tanks,243352470,2,2025-07-17T14:22:34.000+00:00,Reduced priced charged full price on this item,Beware when you buy this item. I was charged full price for this top and when the product arrived the tag had lower price on it. Getting the price adjustment took forever! Really disappointed with lululemon customer service too!,Customer Service,Support or resolution issue affecting trust and loyalty.,14319570,1,https://photos-us.bazaarvoice.com/photo/2/cGhvdG86bHVsdWxlbW9u/dc4f71c9-30d6-5dd3-afcc-f6c0a73865f3,D:\lululemonvog\data\images\sp25_sculpt_tank_ft\2_star\243352470_14319570.jpg,False,0,12,True to size
SP25 Sculpt Tank FT,sp25_sculpt_tank_ft,Sculpt_Tank_Top,https://shop.lululemon.com/p/women-tanks/Sculpt-Tank-Top/_/prod5020018?color=31382,Women Tanks,243352470,2,2025-07-17T14:22:34.000+00:00,Reduced priced charged full price on this item,Beware when you buy this item. I was charged full price for this top and when the product arrived the tag had lower price on it. Getting the price adjustment took forever! Really disappointed with lululemon customer service too!,Customer Service,Support or resolution issue affecting trust and loyalty.,14319571,2,https://photos-us.bazaarvoice.com/photo/2/cGhvdG86bHVsdWxlbW9u/e6257203-c627-5709-925e-a71e949b514b,D:\lululemonvog\data\images\sp25_sculpt_tank_ft\2_star\243352470_14319571.jpg,False,0,12,True to size
SP25 Sculpt Tank FT,sp25_sculpt_tank_ft,Sculpt_Tank_Top,https://shop.lululemon.com/p/women-tanks/Sculpt-Tank-Top/_/prod5020018?color=31382,Women Tanks,243361763,2,2025-07-17T21:16:19.000+00:00,New sculpt disappointing,I have a dozen sculpt tanks prior to this new version in every colour. The quality of construction is very disappointing in this version. The darts along the front leaves a bulky excess on the wrong side and the surging quality is also bulky and lifts ups on the wrong side. The old version is seamless and smooth along every single seam. You could mistakenly wear it inside out easily. The head opening is markedly smaller leaving it tight at the neckline compared to the old version.,Sizing & Fit,Fit expectation mismatch that may increase return risk.,14323268,1,https://photos-us.bazaarvoice.com/photo/2/cGhvdG86bHVsdWxlbW9u/415fd79a-771a-562c-9b66-8c046e5cef82,D:\lululemonvog\data\images\sp25_sculpt_tank_ft\2_star\243361763_14323268.jpg,False,0,4,True to size
SP25 Sculpt Tank FT,sp25_sculpt_tank_ft,Sculpt_Tank_Top,https://shop.lululemon.com/p/women-tanks/Sculpt-Tank-Top/_/prod5020018?color=31382,Women Tanks,243361763,2,2025-07-17T21:16:19.000+00:00,New sculpt disappointing,I have a dozen sculpt tanks prior to this new version in every colour. The quality of construction is very disappointing in this version. The darts along the front leaves a bulky excess on the wrong side and the surging quality is also bulky and lifts ups on the wrong side. The old version is seamless and smooth along every single seam. You could mistakenly wear it inside out easily. The head opening is markedly smaller leaving it tight at the neckline compared to the old version.,Sizing & Fit,Fit expectation mismatch that may increase return risk.,14323269,2,https://photos-us.bazaarvoice.com/photo/2/cGhvdG86bHVsdWxlbW9u/033b88a6-f2c5-50dc-8211-857222d5ae9d,D:\lululemonvog\data\images\sp25_sculpt_tank_ft\2_star\243361763_14323269.jpg,False,0,4,True to size
SP25 Sculpt Tank FT,sp25_sculpt_tank_ft,Sculpt_Tank_Top,https://shop.lululemon.com/p/women-tanks/Sculpt-Tank-Top/_/prod5020018?color=31382,Women Tanks,243361763,2,2025-07-17T21:16:19.000+00:00,New sculpt disappointing,I have a dozen sculpt tanks prior to this new version in every colour. The quality of construction is very disappointing in this version. The darts along the front leaves a bulky excess on the wrong side and the surging quality is also bulky and lifts ups on the wrong side. The old version is seamless and smooth along every single seam. You could mistakenly wear it inside out easily. The head opening is markedly smaller leaving it tight at the neckline compared to the old version.,Sizing & Fit,Fit expectation mismatch that may increase return risk.,14323270,3,https://photos-us.bazaarvoice.com/photo/2/cGhvdG86bHVsdWxlbW9u/04605b1a-d414-57fd-aa26-3677a5a23dbc,D:\lululemonvog\data\images\sp25_sculpt_tank_ft\2_star\243361763_14323270.jpg,False,0,4,True to size
SP25 Sculpt Tank FT,sp25_sculpt_tank_ft,Sculpt_Tank_Top,https://shop.lululemon.com/p/women-tanks/Sculpt-Tank-Top/_/prod5020018?color=31382,Women Tanks,243361763,2,2025-07-17T21:16:19.000+00:00,New sculpt disappointing,I have a dozen sculpt tanks prior to this new version in every colour. The quality of construction is very disappointing in this version. The darts along the front leaves a bulky excess on the wrong side and the surging quality is also bulky and lifts ups on the wrong side. The old version is seamless and smooth along every single seam. You could mistakenly wear it inside out easily. The head opening is markedly smaller leaving it tight at the neckline compared to the old version.,Sizing & Fit,Fit expectation mismatch that may increase return risk.,14323271,4,https://photos-us.bazaarvoice.com/photo/2/cGhvdG86bHVsdWxlbW9u/165da69e-f5aa-5d12-a4b0-2d5bce2fd9cd,D:\lululemonvog\data\images\sp25_sculpt_tank_ft\2_star\243361763_14323271.jpg,False,0,4,True to size
SP25 Sculpt Tank FT,sp25_sculpt_tank_ft,Sculpt_Tank_Top,https://shop.lululemon.com/p/women-tanks/Sculpt-Tank-Top/_/prod5020018?color=31382,Women Tanks,243361763,2,2025-07-17T21:16:19.000+00:00,New sculpt disappointing,I have a dozen sculpt tanks prior to this new version in every colour. The quality of construction is very disappointing in this version. The darts along the front leaves a bulky excess on the wrong side and the surging quality is also bulky and lifts ups on the wrong side. The old version is seamless and smooth along every single seam. You could mistakenly wear it inside out easily. The head opening is markedly smaller leaving it tight at the neckline compared to the old version.,Sizing & Fit,Fit expectation mismatch that may increase return risk.,14323272,5,https://photos-us.bazaarvoice.com/photo/2/cGhvdG86bHVsdWxlbW9u/18549f6f-1ae4-5b7c-9b6f-036ecb7b3974,D:\lululemonvog\data\images\sp25_sculpt_tank_ft\2_star\243361763_14323272.jpg,False,0,4,True to size
SP25 Sculpt Tank FT,sp25_sculpt_tank_ft,Sculpt_Tank_Top,https://shop.lululemon.com/p/women-tanks/Sculpt-Tank-Top/_/prod5020018?color=31382,Women Tanks,244846229,1,2025-09-24T12:00:43.000+00:00,Careful w tops!,This is my first time being a lulu too and will definitely be my last. My top had snags all over after washing as instructed and Lulu didn’t honor their quality promise when I reached out to them.,Stitching & Construction,Construction quality issue may undermine perceived craftsmanship.,14929978,1,https://photos-us.bazaarvoice.com/photo/2/cGhvdG86bHVsdWxlbW9u/f29e3b0f-43a5-598d-911c-77efdc8f420f,D:\lululemonvog\data\images\sp25_sculpt_tank_ft\1_star\244846229_14929978.jpg,False,2,8,Runs a bit small
SP25 Sculpt Tank FT,sp25_sculpt_tank_ft,Sculpt_Tank_Top,https://shop.lululemon.com/p/women-tanks/Sculpt-Tank-Top/_/prod5020018?color=31382,Women Tanks,244846229,1,2025-09-24T12:00:43.000+00:00,Careful w tops!,This is my first time being a lulu too and will definitely be my last. My top had snags all over after washing as instructed and Lulu didn’t honor their quality promise when I reached out to them.,Stitching & Construction,Construction quality issue may undermine perceived craftsmanship.,14929979,2,https://photos-us.bazaarvoice.com/photo/2/cGhvdG86bHVsdWxlbW9u/19982ddf-34d0-5b4b-8793-6c7813d2c366,D:\lululemonvog\data\images\sp25_sculpt_tank_ft\1_star\244846229_14929979.jpg,False,2,8,Runs a bit small
SP25 Sculpt Tank FT,sp25_sculpt_tank_ft,Sculpt_Tank_Top,https://shop.lululemon.com/p/women-tanks/Sculpt-Tank-Top/_/prod5020018?color=31382,Women Tanks,244846229,1,2025-09-24T12:00:43.000+00:00,Careful w tops!,This is my first time being a lulu too and will definitely be my last. My top had snags all over after washing as instructed and Lulu didn’t honor their quality promise when I reached out to them.,Stitching & Construction,Construction quality issue may undermine perceived craftsmanship.,14929980,3,https://photos-us.bazaarvoice.com/photo/2/cGhvdG86bHVsdWxlbW9u/e65daeb3-d455-53ce-84ef-b67d44eeef19,D:\lululemonvog\data\images\sp25_sculpt_tank_ft\1_star\244846229_14929980.jpg,False,2,8,Runs a bit small
SP25 Sculpt Tank FT,sp25_sculpt_tank_ft,Sculpt_Tank_Top,https://shop.lululemon.com/p/women-tanks/Sculpt-Tank-Top/_/prod5020018?color=31382,Women Tanks,245662765,1,2025-11-04T20:37:48.000+00:00,Stains all over shirt,"Ordered online and shirt was delivered with stains all over it. Very disappointing. I returned. I hoped to reorder, but it was sold out. Expected better quality for a $58 shirt.",Sizing & Fit,Fit expectation mismatch that may increase return risk.,15326763,1,https://photos-us.bazaarvoice.com/photo/2/cGhvdG86bHVsdWxlbW9u/bbeb84f9-60b9-5302-8bb6-b923b723ebb8,D:\lululemonvog\data\images\sp25_sculpt_tank_ft\1_star\245662765_15326763.jpg,False,1,6,True to size
SP25 Sculpt Tank FT,sp25_sculpt_tank_ft,Sculpt_Tank_Top,https://shop.lululemon.com/p/women-tanks/Sculpt-Tank-Top/_/prod5020018?color=31382,Women Tanks,245662765,1,2025-11-04T20:37:48.000+00:00,Stains all over shirt,"Ordered online and shirt was delivered with stains all over it. Very disappointing. I returned. I hoped to reorder, but it was sold out. Expected better quality for a $58 shirt.",Sizing & Fit,Fit expectation mismatch that may increase return risk.,15326764,2,https://photos-us.bazaarvoice.com/photo/2/cGhvdG86bHVsdWxlbW9u/5922e523-902e-5846-bfd2-b6621f18a3a0,D:\lululemonvog\data\images\sp25_sculpt_tank_ft\1_star\245662765_15326764.jpg,False,1,6,True to size
SP25 Sculpt Tank FT,sp25_sculpt_tank_ft,Sculpt_Tank_Top,https://shop.lululemon.com/p/women-tanks/Sculpt-Tank-Top/_/prod5020018?color=31382,Women Tanks,245662765,1,2025-11-04T20:37:48.000+00:00,Stains all over shirt,"Ordered online and shirt was delivered with stains all over it. Very disappointing. I returned. I hoped to reorder, but it was sold out. Expected better quality for a $58 shirt.",Sizing & Fit,Fit expectation mismatch that may increase return risk.,15326765,3,https://photos-us.bazaarvoice.com/photo/2/cGhvdG86bHVsdWxlbW9u/267b5c8b-c4ab-5e00-849d-912e3b232785,D:\lululemonvog\data\images\sp25_sculpt_tank_ft\1_star\245662765_15326765.jpg,False,1,6,True to size
SP25 Sculpt Tank FT,sp25_sculpt_tank_ft,Sculpt_Tank_Top,https://shop.lululemon.com/p/women-tanks/Sculpt-Tank-Top/_/prod5020018?color=31382,Women Tanks,248268857,3,2026-02-22T18:24:37.000+00:00,Great Tank But Wrinkles Too Easily,"The tank itself is great; flowy, breathable material, good fit. However, I had to steam it for the first use and hoped that the fabric would hold. Learned that it has to be steamed or ironed after every wash. I’m not obsessive about wrinkles but it’s virtually unwearable after a wash. This is a miss considering you will likely wash it after each use.",Sizing & Fit,Fit expectation mismatch that may increase return risk.,16399808,1,https://photos-us.bazaarvoice.com/photo/2/cGhvdG86bHVsdWxlbW9u/212b9163-5342-53ca-8774-183e79cc8fa8,D:\lululemonvog\data\images\sp25_sculpt_tank_ft\3_star\248268857_16399808.jpg,False,0,8,True to size
